split,machine,config,auc_source,auc_target,pauc,balance_ks,uniform_ks,separability
dev,bearing,raw-k1,60.56,48.02,57.53,0.4354,,0.497
dev,bearing,conf-soft-m0-k1,60.34,49.08,57.58,0.4503,0.2423,0.497
dev,bearing,conf-soft-m10-k1,60.44,48.58,57.58,0.439,0.2378,0.497
dev,bearing,conf-soft-m30-k1,60.46,48.26,57.63,0.4366,0.2391,0.497
dev,bearing,conf-soft-m100-k1,60.48,48.14,57.58,0.4358,0.2401,0.497
dev,bearing,conf-soft-m300-k1,60.52,48.12,57.58,0.4349,0.2403,0.497
dev,bearing,ratio-soft-k1,60.46,49.06,57.47,0.4483,,0.497
dev,bearing,zscore-soft-k1,60.24,48.84,57.26,0.4446,,0.497
dev,bearing,conf-hard-m0-k1,60.56,49.28,57.53,0.4378,0.2411,0.497
dev,bearing,conf-hard-m10-k1,60.56,48.8,57.53,0.4356,0.241,0.497
dev,bearing,conf-hard-m30-k1,60.56,48.46,57.53,0.4356,0.241,0.497
dev,bearing,conf-hard-m100-k1,60.56,48.16,57.53,0.4354,0.2409,0.497
dev,bearing,conf-hard-m300-k1,60.56,48.06,57.53,0.4354,0.2406,0.497
dev,bearing,ratio-hard-k1,60.56,49.66,57.53,0.437,,0.497
dev,bearing,zscore-hard-k1,60.56,49.3,57.53,0.4378,,0.497
dev,bearing,raw-k2,59.88,47.78,57.79,0.4945,,0.497
dev,bearing,conf-soft-m0-k2,59.3,48.56,57.42,0.5055,0.2673,0.497
dev,bearing,conf-soft-m10-k2,59.66,48.16,57.47,0.4974,0.266,0.497
dev,bearing,conf-soft-m30-k2,59.7,47.96,57.74,0.4966,0.2687,0.497
dev,bearing,conf-soft-m100-k2,59.82,47.84,57.79,0.4952,0.2708,0.497
dev,bearing,conf-soft-m300-k2,59.84,47.74,57.79,0.4947,0.2714,0.497
dev,bearing,ratio-soft-k2,59.7,48.76,57.47,0.5018,,0.497
dev,bearing,zscore-soft-k2,59.36,48.5,57.95,0.5014,,0.497
dev,bearing,conf-hard-m0-k2,59.88,48.9,57.79,0.4976,0.2724,0.497
dev,bearing,conf-hard-m10-k2,59.88,48.36,57.79,0.496,0.2724,0.497
dev,bearing,conf-hard-m30-k2,59.88,48.14,57.79,0.4952,0.2727,0.497
dev,bearing,conf-hard-m100-k2,59.88,47.88,57.79,0.4947,0.2725,0.497
dev,bearing,conf-hard-m300-k2,59.88,47.8,57.79,0.4947,0.272,0.497
dev,bearing,ratio-hard-k2,59.88,49.84,57.79,0.4974,,0.497
dev,bearing,zscore-hard-k2,59.88,48.82,57.79,0.4976,,0.497
dev,bearing,raw-k4,58.64,47.28,56.95,0.523,,0.497
dev,bearing,conf-soft-m0-k4,58.16,48.52,57.16,0.5228,0.2772,0.497
dev,bearing,conf-soft-m10-k4,58.6,47.9,57.05,0.5232,0.2788,0.497
dev,bearing,conf-soft-m30-k4,58.7,47.68,57.05,0.5228,0.283,0.497
dev,bearing,conf-soft-m100-k4,58.72,47.44,57.0,0.5232,0.2859,0.497
dev,bearing,conf-soft-m300-k4,58.72,47.42,56.95,0.523,0.2866,0.497
dev,bearing,ratio-soft-k4,58.34,48.34,56.68,0.5192,,0.497
dev,bearing,zscore-soft-k4,58.12,48.3,57.84,0.5099,,0.497
dev,bearing,conf-hard-m0-k4,58.64,48.54,56.95,0.5259,0.2879,0.497
dev,bearing,conf-hard-m10-k4,58.64,48.0,56.95,0.5236,0.288,0.497
dev,bearing,conf-hard-m30-k4,58.64,47.68,56.95,0.5236,0.2881,0.497
dev,bearing,conf-hard-m100-k4,58.64,47.46,56.95,0.523,0.2879,0.497
dev,bearing,conf-hard-m300-k4,58.64,47.38,56.95,0.523,0.2874,0.497
dev,bearing,ratio-hard-k4,58.64,49.34,56.95,0.5257,,0.497
dev,bearing,zscore-hard-k4,58.64,48.36,56.89,0.5255,,0.497
dev,fan,raw-k1,61.2,41.2,48.79,0.3586,,1.0
dev,fan,conf-soft-m0-k1,52.34,49.74,48.42,0.4697,0.2697,1.0
dev,fan,conf-soft-m10-k1,56.04,46.1,48.0,0.3354,0.197,1.0
dev,fan,conf-soft-m30-k1,58.3,43.4,48.42,0.3309,0.1945,1.0
dev,fan,conf-soft-m100-k1,60.18,42.12,48.63,0.3481,0.1998,1.0
dev,fan,conf-soft-m300-k1,60.7,41.58,48.74,0.3529,0.2039,1.0
dev,fan,ratio-soft-k1,56.0,45.36,48.63,0.4206,,1.0
dev,fan,zscore-soft-k1,52.14,48.98,48.42,0.5232,,1.0
dev,fan,conf-hard-m0-k1,52.34,49.76,48.42,0.4699,0.2701,1.0
dev,fan,conf-hard-m10-k1,56.04,46.14,48.0,0.3352,0.197,1.0
dev,fan,conf-hard-m30-k1,58.3,43.42,48.42,0.3309,0.1945,1.0
dev,fan,conf-hard-m100-k1,60.18,42.14,48.68,0.3481,0.1998,1.0
dev,fan,conf-hard-m300-k1,60.7,41.6,48.79,0.3529,0.2039,1.0
dev,fan,ratio-hard-k1,56.0,45.38,48.68,0.4218,,1.0
dev,fan,zscore-hard-k1,52.14,49.0,48.42,0.5242,,1.0
dev,fan,raw-k2,65.12,37.44,48.74,0.5584,,1.0
dev,fan,conf-soft-m0-k2,55.82,46.48,48.89,0.5178,0.2914,1.0
dev,fan,conf-soft-m10-k2,59.12,42.34,48.74,0.3869,0.2162,1.0
dev,fan,conf-soft-m30-k2,61.46,39.98,48.79,0.4824,0.2625,1.0
dev,fan,conf-soft-m100-k2,63.86,38.4,48.74,0.5311,0.2863,1.0
dev,fan,conf-soft-m300-k2,64.86,37.78,48.74,0.5434,0.2943,1.0
dev,fan,ratio-soft-k2,61.4,40.68,48.74,0.4063,,1.0
dev,fan,zscore-soft-k2,55.4,45.84,48.79,0.5923,,1.0
dev,fan,conf-hard-m0-k2,55.8,46.52,48.89,0.5194,0.2928,1.0
dev,fan,conf-hard-m10-k2,59.12,42.36,48.74,0.3867,0.2161,1.0
dev,fan,conf-hard-m30-k2,61.46,40.0,48.79,0.4824,0.2625,1.0
dev,fan,conf-hard-m100-k2,63.84,38.4,48.74,0.5311,0.2862,1.0
dev,fan,conf-hard-m300-k2,64.86,37.78,48.74,0.5432,0.2943,1.0
dev,fan,ratio-hard-k2,61.4,40.7,48.74,0.4087,,1.0
dev,fan,zscore-hard-k2,55.36,45.9,48.79,0.5941,,1.0
dev,fan,raw-k4,67.96,32.76,48.58,0.9711,,1.0
dev,fan,conf-soft-m0-k4,49.12,51.7,49.26,0.6341,0.3466,1.0
dev,fan,conf-soft-m10-k4,57.7,42.98,49.21,0.6988,0.3697,1.0
dev,fan,conf-soft-m30-k4,62.34,37.12,49.05,0.8475,0.449,1.0
dev,fan,conf-soft-m100-k4,65.8,34.46,48.79,0.918,0.4895,1.0
dev,fan,conf-soft-m300-k4,66.98,33.46,48.79,0.9446,0.503,1.0
dev,fan,ratio-soft-k4,52.0,48.28,49.16,0.4535,,1.0
dev,fan,zscore-soft-k4,50.14,51.2,49.0,0.7196,,1.0
dev,fan,conf-hard-m0-k4,49.08,51.78,49.26,0.6428,0.3508,1.0
dev,fan,conf-hard-m10-k4,57.7,43.06,49.21,0.698,0.3696,1.0
dev,fan,conf-hard-m30-k4,62.34,37.14,49.05,0.8475,0.4489,1.0
dev,fan,conf-hard-m100-k4,65.8,34.48,48.79,0.918,0.4895,1.0
dev,fan,conf-hard-m300-k4,66.98,33.46,48.79,0.9446,0.503,1.0
dev,fan,ratio-hard-k4,51.94,48.48,49.16,0.4836,,1.0
dev,fan,zscore-hard-k4,50.1,51.38,49.0,0.7382,,1.0
dev,gearbox,raw-k1,65.5,51.24,55.05,0.5281,,0.598
dev,gearbox,conf-soft-m0-k1,61.2,53.94,55.0,0.4903,0.266,0.598
dev,gearbox,conf-soft-m10-k1,63.08,52.6,55.11,0.5297,0.2922,0.598
dev,gearbox,conf-soft-m30-k1,64.04,51.92,55.0,0.5295,0.2941,0.598
dev,gearbox,conf-soft-m100-k1,65.16,51.66,55.11,0.5283,0.295,0.598
dev,gearbox,conf-soft-m300-k1,65.34,51.5,55.05,0.5279,0.2948,0.598
dev,gearbox,ratio-soft-k1,62.34,52.2,55.16,0.5275,,0.598
dev,gearbox,zscore-soft-k1,62.32,53.2,54.84,0.5261,,0.598
dev,gearbox,conf-hard-m0-k1,59.68,53.38,55.79,0.442,0.2514,0.598
dev,gearbox,conf-hard-m10-k1,61.88,52.42,55.37,0.5194,0.2928,0.598
dev,gearbox,conf-hard-m30-k1,63.52,51.26,55.32,0.5283,0.296,0.598
dev,gearbox,conf-hard-m100-k1,64.82,51.06,55.11,0.5281,0.2957,0.598
dev,gearbox,conf-hard-m300-k1,65.2,51.24,55.11,0.5281,0.2951,0.598
dev,gearbox,ratio-hard-k1,60.38,52.2,56.11,0.4598,,0.598
dev,gearbox,zscore-hard-k1,59.8,53.22,55.32,0.4628,,0.598
dev,gearbox,raw-k2,65.82,51.96,55.11,0.5216,,0.598
dev,gearbox,conf-soft-m0-k2,61.6,54.22,54.95,0.5083,0.2733,0.598
dev,gearbox,conf-soft-m10-k2,63.34,52.86,54.79,0.5228,0.2893,0.598
dev,gearbox,conf-soft-m30-k2,64.46,51.96,55.0,0.522,0.2912,0.598
dev,gearbox,conf-soft-m100-k2,65.38,51.76,54.89,0.5216,0.2917,0.598
dev,gearbox,conf-soft-m300-k2,65.58,51.86,55.05,0.5214,0.2916,0.598
dev,gearbox,ratio-soft-k2,62.84,52.2,55.11,0.5238,,0.598
dev,gearbox,zscore-soft-k2,63.54,53.62,54.68,0.5206,,0.598
dev,gearbox,conf-hard-m0-k2,60.06,53.6,55.58,0.4578,0.2589,0.598
dev,gearbox,conf-hard-m10-k2,62.12,52.96,55.32,0.5147,0.2897,0.598
dev,gearbox,conf-hard-m30-k2,63.88,51.3,55.26,0.5216,0.2926,0.598
dev,gearbox,conf-hard-m100-k2,65.16,51.38,55.16,0.5216,0.2924,0.598
dev,gearbox,conf-hard-m300-k2,65.54,51.68,55.11,0.5216,0.2919,0.598
dev,gearbox,ratio-hard-k2,60.34,52.56,55.79,0.4703,,0.598
dev,gearbox,zscore-hard-k2,60.16,53.98,55.21,0.4909,,0.598
dev,gearbox,raw-k4,65.74,50.28,54.05,0.5208,,0.598
dev,gearbox,conf-soft-m0-k4,61.76,51.48,53.89,0.5113,0.272,0.598
dev,gearbox,conf-soft-m10-k4,63.52,50.18,53.89,0.5208,0.2859,0.598
dev,gearbox,conf-soft-m30-k4,64.52,50.02,54.05,0.5218,0.2883,0.598
dev,gearbox,conf-soft-m100-k4,65.34,50.3,53.89,0.5212,0.2894,0.598
dev,gearbox,conf-soft-m300-k4,65.46,50.3,53.95,0.5208,0.2894,0.598
dev,gearbox,ratio-soft-k4,62.8,50.36,53.47,0.5222,,0.598
dev,gearbox,zscore-soft-k4,63.86,50.54,53.63,0.5182,,0.598
dev,gearbox,conf-hard-m0-k4,60.32,51.04,54.37,0.461,0.261,0.598
dev,gearbox,conf-hard-m10-k4,62.22,50.32,54.32,0.5099,0.2872,0.598
dev,gearbox,conf-hard-m30-k4,64.0,49.56,54.16,0.5208,0.2907,0.598
dev,gearbox,conf-hard-m100-k4,65.2,49.7,54.11,0.5208,0.2903,0.598
dev,gearbox,conf-hard-m300-k4,65.48,50.08,54.0,0.5208,0.2898,0.598
dev,gearbox,ratio-hard-k4,60.34,50.34,54.47,0.4695,,0.598
dev,gearbox,zscore-hard-k4,61.48,50.8,54.21,0.4923,,0.598
dev,slider,raw-k1,75.44,52.9,51.21,0.6406,,0.596
dev,slider,conf-soft-m0-k1,74.64,54.38,51.42,0.5943,0.3152,0.596
dev,slider,conf-soft-m10-k1,74.92,53.74,51.21,0.6349,0.3416,0.596
dev,slider,conf-soft-m30-k1,75.14,53.18,51.11,0.6394,0.3446,0.596
dev,slider,conf-soft-m100-k1,75.28,52.96,51.11,0.6392,0.3448,0.596
dev,slider,conf-soft-m300-k1,75.36,52.96,51.21,0.6402,0.3446,0.596
dev,slider,ratio-soft-k1,74.84,54.1,51.58,0.6038,,0.596
dev,slider,zscore-soft-k1,74.96,53.12,51.21,0.6174,,0.596
dev,slider,conf-hard-m0-k1,75.3,54.14,51.21,0.582,0.3155,0.596
dev,slider,conf-hard-m10-k1,75.42,53.6,51.21,0.6323,0.3421,0.596
dev,slider,conf-hard-m30-k1,75.42,53.38,51.21,0.6406,0.3454,0.596
dev,slider,conf-hard-m100-k1,75.44,53.14,51.21,0.6406,0.3452,0.596
dev,slider,conf-hard-m300-k1,75.44,53.0,51.21,0.6406,0.3448,0.596
dev,slider,ratio-hard-k1,75.02,54.44,51.21,0.5863,,0.596
dev,slider,zscore-hard-k1,75.34,53.66,51.21,0.6115,,0.596
dev,slider,raw-k2,74.7,53.8,50.89,0.6919,,0.596
dev,slider,conf-soft-m0-k2,73.82,55.54,51.47,0.6826,0.3557,0.596
dev,slider,conf-soft-m10-k2,74.32,54.88,51.26,0.6929,0.3708,0.596
dev,slider,conf-soft-m30-k2,74.62,54.34,51.21,0.6923,0.3724,0.596
dev,slider,conf-soft-m100-k2,74.7,54.0,51.11,0.6915,0.3733,0.596
dev,slider,conf-soft-m300-k2,74.74,53.94,51.0,0.6923,0.3732,0.596
dev,slider,ratio-soft-k2,74.14,55.3,51.95,0.6907,,0.596
dev,slider,zscore-soft-k2,74.4,54.7,51.26,0.6893,,0.596
dev,slider,conf-hard-m0-k2,74.6,54.84,50.89,0.6624,0.3569,0.596
dev,slider,conf-hard-m10-k2,74.68,54.42,50.89,0.6931,0.3741,0.596
dev,slider,conf-hard-m30-k2,74.68,54.28,50.89,0.6919,0.374,0.596
dev,slider,conf-hard-m100-k2,74.7,53.98,50.89,0.6919,0.3739,0.596
dev,slider,conf-hard-m300-k2,74.7,53.84,50.89,0.6919,0.3734,0.596
dev,slider,ratio-hard-k2,74.34,55.18,50.89,0.6612,,0.596
dev,slider,zscore-hard-k2,74.64,54.5,50.89,0.6893,,0.596
dev,slider,raw-k4,72.48,54.64,50.53,0.6588,,0.596
dev,slider,conf-soft-m0-k4,71.1,56.42,51.37,0.6584,0.3455,0.596
dev,slider,conf-soft-m10-k4,71.82,55.64,51.11,0.6594,0.3523,0.596
dev,slider,conf-soft-m30-k4,72.16,55.14,50.95,0.6584,0.3531,0.596
dev,slider,conf-soft-m100-k4,72.22,54.98,50.79,0.6578,0.3541,0.596
dev,slider,conf-soft-m300-k4,72.36,54.74,50.63,0.6576,0.3541,0.596
dev,slider,ratio-soft-k4,71.68,56.2,51.53,0.6638,,0.596
dev,slider,zscore-soft-k4,71.76,55.78,51.05,0.6646,,0.596
dev,slider,conf-hard-m0-k4,72.34,55.84,50.53,0.6531,0.3511,0.596
dev,slider,conf-hard-m10-k4,72.48,55.24,50.53,0.6596,0.3551,0.596
dev,slider,conf-hard-m30-k4,72.48,55.1,50.53,0.6588,0.355,0.596
dev,slider,conf-hard-m100-k4,72.48,54.78,50.53,0.6588,0.3548,0.596
dev,slider,conf-hard-m300-k4,72.48,54.72,50.53,0.6588,0.3544,0.596
dev,slider,ratio-hard-k4,72.18,55.92,50.53,0.656,,0.596
dev,slider,zscore-hard-k4,72.42,55.5,50.53,0.6604,,0.596
dev,ToyCar,raw-k1,75.76,58.98,52.11,0.9998,,0.95
dev,ToyCar,conf-soft-m0-k1,35.24,84.48,48.37,0.4079,0.2346,0.95
dev,ToyCar,conf-soft-m10-k1,39.18,84.08,49.74,0.744,0.4063,0.95
dev,ToyCar,conf-soft-m30-k1,43.56,83.12,51.11,0.8838,0.4742,0.95
dev,ToyCar,conf-soft-m100-k1,50.1,80.82,51.58,0.959,0.5082,0.95
dev,ToyCar,conf-soft-m300-k1,58.56,76.02,51.79,0.9798,0.5191,0.95
dev,ToyCar,ratio-soft-k1,59.34,71.44,50.68,0.7079,,0.95
dev,ToyCar,zscore-soft-k1,58.16,71.86,50.74,0.7125,,0.95
dev,ToyCar,conf-hard-m0-k1,50.4,71.04,50.84,0.4709,0.2674,0.95
dev,ToyCar,conf-hard-m10-k1,51.14,70.92,50.84,0.7198,0.3948,0.95
dev,ToyCar,conf-hard-m30-k1,51.62,70.5,50.84,0.8727,0.4673,0.95
dev,ToyCar,conf-hard-m100-k1,53.74,70.42,50.84,0.9533,0.5056,0.95
dev,ToyCar,conf-hard-m300-k1,60.0,69.66,50.84,0.9782,0.518,0.95
dev,ToyCar,ratio-hard-k1,51.58,70.92,50.84,0.5006,,0.95
dev,ToyCar,zscore-hard-k1,50.42,71.0,50.84,0.5186,,0.95
dev,ToyCar,raw-k2,76.16,48.14,52.05,0.9994,,0.95
dev,ToyCar,conf-soft-m0-k2,34.1,84.2,48.32,0.4059,0.2267,0.95
dev,ToyCar,conf-soft-m10-k2,38.22,83.68,48.89,0.7632,0.409,0.95
dev,ToyCar,conf-soft-m30-k2,43.3,82.72,50.26,0.8945,0.4731,0.95
dev,ToyCar,conf-soft-m100-k2,50.24,80.9,51.37,0.9636,0.5051,0.95
dev,ToyCar,conf-soft-m300-k2,58.16,76.2,51.42,0.982,0.5152,0.95
dev,ToyCar,ratio-soft-k2,58.74,71.22,50.58,0.7749,,0.95
dev,ToyCar,zscore-soft-k2,58.34,71.52,50.63,0.7699,,0.95
dev,ToyCar,conf-hard-m0-k2,49.64,69.98,50.79,0.4523,0.2518,0.95
dev,ToyCar,conf-hard-m10-k2,51.0,69.76,50.79,0.7087,0.3867,0.95
dev,ToyCar,conf-hard-m30-k2,51.98,69.36,50.79,0.8743,0.4612,0.95
dev,ToyCar,conf-hard-m100-k2,54.18,69.28,50.79,0.9531,0.5005,0.95
dev,ToyCar,conf-hard-m300-k2,60.16,68.38,50.79,0.9776,0.5133,0.95
dev,ToyCar,ratio-hard-k2,50.72,69.98,50.79,0.4782,,0.95
dev,ToyCar,zscore-hard-k2,50.3,69.98,50.79,0.4879,,0.95
dev,ToyCar,raw-k4,76.74,37.38,52.05,1.0,,0.95
dev,ToyCar,conf-soft-m0-k4,34.44,82.2,48.63,0.4147,0.2367,0.95
dev,ToyCar,conf-soft-m10-k4,39.52,81.48,49.05,0.7901,0.4167,0.95
dev,ToyCar,conf-soft-m30-k4,44.22,80.44,49.63,0.903,0.4767,0.95
dev,ToyCar,conf-soft-m100-k4,51.52,78.12,51.47,0.9636,0.5065,0.95
dev,ToyCar,conf-soft-m300-k4,58.96,72.32,51.89,0.9826,0.5161,0.95
dev,ToyCar,ratio-soft-k4,59.14,70.7,50.53,0.8275,,0.95
dev,ToyCar,zscore-soft-k4,59.22,70.78,50.53,0.8202,,0.95
dev,ToyCar,conf-hard-m0-k4,49.58,67.5,50.68,0.4499,0.2488,0.95
dev,ToyCar,conf-hard-m10-k4,51.26,67.16,50.68,0.7341,0.3922,0.95
dev,ToyCar,conf-hard-m30-k4,52.32,66.68,50.68,0.8788,0.4638,0.95
dev,ToyCar,conf-hard-m100-k4,55.0,66.16,50.68,0.9543,0.5017,0.95
dev,ToyCar,conf-hard-m300-k4,61.38,63.58,50.68,0.9798,0.514,0.95
dev,ToyCar,ratio-hard-k4,50.64,67.34,50.68,0.4661,,0.95
dev,ToyCar,zscore-hard-k4,50.76,67.32,50.68,0.4818,,0.95
dev,ToyTrain,raw-k1,85.04,69.8,53.84,0.9927,,0.8
dev,ToyTrain,conf-soft-m0-k1,65.04,61.44,52.37,0.6527,0.3526,0.8
dev,ToyTrain,conf-soft-m10-k1,69.44,62.16,52.79,0.8507,0.4572,0.8
dev,ToyTrain,conf-soft-m30-k1,73.18,62.9,52.89,0.9281,0.4948,0.8
dev,ToyTrain,conf-soft-m100-k1,79.04,65.12,53.89,0.9707,0.5136,0.8
dev,ToyTrain,conf-soft-m300-k1,82.82,67.78,54.74,0.9832,0.5195,0.8
dev,ToyTrain,ratio-soft-k1,82.52,71.9,54.95,0.8735,,0.8
dev,ToyTrain,zscore-soft-k1,81.9,71.78,55.05,0.8566,,0.8
dev,ToyTrain,conf-hard-m0-k1,76.76,71.34,55.32,0.6887,0.3753,0.8
dev,ToyTrain,conf-hard-m10-k1,77.88,71.22,55.32,0.7909,0.4251,0.8
dev,ToyTrain,conf-hard-m30-k1,79.1,71.0,55.32,0.8828,0.4758,0.8
dev,ToyTrain,conf-hard-m100-k1,81.46,70.82,55.32,0.9584,0.5065,0.8
dev,ToyTrain,conf-hard-m300-k1,83.46,71.1,55.42,0.9782,0.5166,0.8
dev,ToyTrain,ratio-hard-k1,79.74,71.7,55.42,0.738,,0.8
dev,ToyTrain,zscore-hard-k1,78.24,71.56,55.32,0.698,,0.8
dev,ToyTrain,raw-k2,84.78,64.96,52.95,0.9885,,0.8
dev,ToyTrain,conf-soft-m0-k2,65.16,60.06,52.21,0.6739,0.3613,0.8
dev,ToyTrain,conf-soft-m10-k2,69.12,60.6,52.53,0.861,0.4596,0.8
dev,ToyTrain,conf-soft-m30-k2,72.86,61.06,52.89,0.937,0.4942,0.8
dev,ToyTrain,conf-soft-m100-k2,78.92,63.0,53.74,0.9695,0.5115,0.8
dev,ToyTrain,conf-soft-m300-k2,83.04,64.76,54.53,0.9806,0.5169,0.8
dev,ToyTrain,ratio-soft-k2,83.0,71.16,55.05,0.8921,,0.8
dev,ToyTrain,zscore-soft-k2,82.08,71.26,55.05,0.8758,,0.8
dev,ToyTrain,conf-hard-m0-k2,76.86,70.76,55.11,0.6885,0.3747,0.8
dev,ToyTrain,conf-hard-m10-k2,78.18,70.54,55.11,0.7909,0.425,0.8
dev,ToyTrain,conf-hard-m30-k2,79.0,70.14,55.11,0.8877,0.4742,0.8
dev,ToyTrain,conf-hard-m100-k2,81.7,69.64,55.11,0.9552,0.5039,0.8
dev,ToyTrain,conf-hard-m300-k2,83.48,69.06,55.21,0.9758,0.5138,0.8
dev,ToyTrain,ratio-hard-k2,80.9,70.76,55.21,0.7529,,0.8
dev,ToyTrain,zscore-hard-k2,78.38,70.88,55.11,0.7299,,0.8
dev,ToyTrain,raw-k4,84.5,60.8,51.21,0.9798,,0.8
dev,ToyTrain,conf-soft-m0-k4,64.84,58.7,52.0,0.6624,0.3499,0.8
dev,ToyTrain,conf-soft-m10-k4,69.12,59.1,52.47,0.8616,0.4558,0.8
dev,ToyTrain,conf-soft-m30-k4,73.4,59.28,52.63,0.9277,0.4897,0.8
dev,ToyTrain,conf-soft-m100-k4,79.1,61.0,53.58,0.9566,0.5067,0.8
dev,ToyTrain,conf-soft-m300-k4,83.32,62.86,54.74,0.9723,0.5119,0.8
dev,ToyTrain,ratio-soft-k4,83.66,69.74,55.26,0.8729,,0.8
dev,ToyTrain,zscore-soft-k4,82.54,70.5,55.21,0.8519,,0.8
dev,ToyTrain,conf-hard-m0-k4,77.1,70.38,55.21,0.6846,0.3705,0.8
dev,ToyTrain,conf-hard-m10-k4,78.34,69.98,55.21,0.7853,0.4195,0.8
dev,ToyTrain,conf-hard-m30-k4,79.7,69.36,55.21,0.8816,0.4694,0.8
dev,ToyTrain,conf-hard-m100-k4,81.86,68.68,55.21,0.9424,0.499,0.8
dev,ToyTrain,conf-hard-m300-k4,83.8,67.74,55.32,0.9638,0.5088,0.8
dev,ToyTrain,ratio-hard-k4,82.24,70.02,55.32,0.7552,,0.8
dev,ToyTrain,zscore-hard-k4,78.72,70.28,55.21,0.7394,,0.8
dev,valve,raw-k1,72.28,76.7,61.53,0.4081,,0.593
dev,valve,conf-soft-m0-k1,72.86,76.72,61.74,0.3986,0.2274,0.593
dev,valve,conf-soft-m10-k1,72.52,76.52,61.37,0.4014,0.2341,0.593
dev,valve,conf-soft-m30-k1,72.4,76.7,61.37,0.4024,0.2383,0.593
dev,valve,conf-soft-m100-k1,72.34,76.66,61.42,0.4055,0.2404,0.593
dev,valve,conf-soft-m300-k1,72.3,76.62,61.47,0.4073,0.2408,0.593
dev,valve,ratio-soft-k1,72.64,76.04,60.47,0.3933,,0.593
dev,valve,zscore-soft-k1,72.78,74.98,59.16,0.4028,,0.593
dev,valve,conf-hard-m0-k1,72.6,76.98,61.53,0.3998,0.2362,0.593
dev,valve,conf-hard-m10-k1,72.46,76.8,61.53,0.4085,0.2416,0.593
dev,valve,conf-hard-m30-k1,72.38,76.7,61.53,0.4081,0.2417,0.593
dev,valve,conf-hard-m100-k1,72.3,76.7,61.53,0.4081,0.2417,0.593
dev,valve,conf-hard-m300-k1,72.28,76.7,61.53,0.4081,0.2413,0.593
dev,valve,ratio-hard-k1,72.6,77.0,61.53,0.3879,,0.593
dev,valve,zscore-hard-k1,72.68,77.1,61.53,0.4145,,0.593
dev,valve,raw-k2,71.7,77.26,62.53,0.4283,,0.593
dev,valve,conf-soft-m0-k2,72.32,76.76,62.32,0.3986,0.2258,0.593
dev,valve,conf-soft-m10-k2,71.86,77.18,62.63,0.4147,0.238,0.593
dev,valve,conf-soft-m30-k2,71.78,77.3,62.53,0.421,0.2431,0.593
dev,valve,conf-soft-m100-k2,71.68,77.34,62.58,0.4263,0.2451,0.593
dev,valve,conf-soft-m300-k2,71.68,77.32,62.58,0.4269,0.2457,0.593
dev,valve,ratio-soft-k2,72.32,76.24,62.16,0.3974,,0.593
dev,valve,zscore-soft-k2,72.24,74.38,58.84,0.4006,,0.593
dev,valve,conf-hard-m0-k2,71.94,77.34,62.53,0.4303,0.2466,0.593
dev,valve,conf-hard-m10-k2,71.8,77.36,62.53,0.4285,0.2466,0.593
dev,valve,conf-hard-m30-k2,71.78,77.36,62.53,0.4285,0.2466,0.593
dev,valve,conf-hard-m100-k2,71.72,77.3,62.53,0.4285,0.2465,0.593
dev,valve,conf-hard-m300-k2,71.7,77.26,62.53,0.4283,0.2462,0.593
dev,valve,ratio-hard-k2,71.96,77.34,62.53,0.4143,,0.593
dev,valve,zscore-hard-k2,72.1,77.54,62.84,0.4305,,0.593
dev,valve,raw-k4,70.24,76.12,63.32,0.3986,,0.593
dev,valve,conf-soft-m0-k4,70.76,75.24,63.42,0.3949,0.2264,0.593
dev,valve,conf-soft-m10-k4,70.58,75.68,63.26,0.3988,0.2302,0.593
dev,valve,conf-soft-m30-k4,70.3,75.96,63.21,0.3984,0.2322,0.593
dev,valve,conf-soft-m100-k4,70.28,76.12,63.26,0.3986,0.2337,0.593
dev,valve,conf-soft-m300-k4,70.22,76.1,63.26,0.3988,0.2341,0.593
dev,valve,ratio-soft-k4,70.76,75.4,63.05,0.3925,,0.593
dev,valve,zscore-soft-k4,70.78,73.1,60.95,0.3909,,0.593
dev,valve,conf-hard-m0-k4,70.66,76.3,63.58,0.4046,0.2365,0.593
dev,valve,conf-hard-m10-k4,70.42,76.24,63.32,0.399,0.2348,0.593
dev,valve,conf-hard-m30-k4,70.32,76.18,63.32,0.3986,0.2346,0.593
dev,valve,conf-hard-m100-k4,70.28,76.14,63.32,0.3986,0.2345,0.593
dev,valve,conf-hard-m300-k4,70.26,76.14,63.32,0.3986,0.2344,0.593
dev,valve,ratio-hard-k4,70.42,76.22,63.32,0.4024,,0.593
dev,valve,zscore-hard-k4,70.68,76.4,63.68,0.4004,,0.593
eval,AutoTrash,raw-k1,79.58,48.74,50.79,0.8024,,0.649
eval,AutoTrash,conf-soft-m0-k1,72.1,66.22,50.79,0.6248,0.3277,0.649
eval,AutoTrash,conf-soft-m10-k1,75.38,60.3,50.74,0.7487,0.3906,0.649
eval,AutoTrash,conf-soft-m30-k1,77.42,55.62,51.0,0.7802,0.4094,0.649
eval,AutoTrash,conf-soft-m100-k1,78.6,51.76,51.32,0.7949,0.4189,0.649
eval,AutoTrash,conf-soft-m300-k1,79.18,49.6,51.0,0.7996,0.4218,0.649
eval,AutoTrash,ratio-soft-k1,75.34,62.56,50.79,0.6701,,0.649
eval,AutoTrash,zscore-soft-k1,74.26,62.52,51.16,0.6127,,0.649
eval,AutoTrash,conf-hard-m0-k1,77.44,62.32,50.95,0.6218,0.3348,0.649
eval,AutoTrash,conf-hard-m10-k1,78.44,59.48,50.95,0.7143,0.3789,0.649
eval,AutoTrash,conf-hard-m30-k1,78.82,56.38,50.95,0.7713,0.4083,0.649
eval,AutoTrash,conf-hard-m100-k1,79.22,52.24,50.95,0.7935,0.4195,0.649
eval,AutoTrash,conf-hard-m300-k1,79.5,50.28,50.89,0.7982,0.422,0.649
eval,AutoTrash,ratio-hard-k1,77.64,62.46,50.95,0.6259,,0.649
eval,AutoTrash,zscore-hard-k1,77.48,61.5,50.95,0.6481,,0.649
eval,AutoTrash,raw-k2,80.02,47.54,50.42,0.7998,,0.649
eval,AutoTrash,conf-soft-m0-k2,71.9,66.74,50.16,0.6162,0.323,0.649
eval,AutoTrash,conf-soft-m10-k2,75.48,60.8,50.11,0.7463,0.3872,0.649
eval,AutoTrash,conf-soft-m30-k2,77.72,56.06,50.74,0.7721,0.4059,0.649
eval,AutoTrash,conf-soft-m100-k2,79.16,51.5,50.68,0.7861,0.4161,0.649
eval,AutoTrash,conf-soft-m300-k2,79.68,49.26,50.53,0.7915,0.4193,0.649
eval,AutoTrash,ratio-soft-k2,74.48,63.18,50.05,0.682,,0.649
eval,AutoTrash,zscore-soft-k2,73.78,61.34,50.84,0.6115,,0.649
eval,AutoTrash,conf-hard-m0-k2,77.44,62.42,50.89,0.6477,0.3483,0.649
eval,AutoTrash,conf-hard-m10-k2,78.58,59.54,50.89,0.7347,0.389,0.649
eval,AutoTrash,conf-hard-m30-k2,79.12,56.56,50.89,0.7715,0.4089,0.649
eval,AutoTrash,conf-hard-m100-k2,79.8,52.4,50.74,0.7863,0.4175,0.649
eval,AutoTrash,conf-hard-m300-k2,79.98,49.6,50.58,0.7915,0.4199,0.649
eval,AutoTrash,ratio-hard-k2,77.36,63.02,50.89,0.6321,,0.649
eval,AutoTrash,zscore-hard-k2,77.3,61.02,50.89,0.6667,,0.649
eval,AutoTrash,raw-k4,79.86,44.68,50.16,0.8014,,0.649
eval,AutoTrash,conf-soft-m0-k4,69.9,66.66,50.0,0.6505,0.3416,0.649
eval,AutoTrash,conf-soft-m10-k4,73.94,60.02,50.0,0.7503,0.3924,0.649
eval,AutoTrash,conf-soft-m30-k4,76.62,54.86,50.11,0.7782,0.4114,0.649
eval,AutoTrash,conf-soft-m100-k4,78.62,50.34,50.26,0.7919,0.4204,0.649
eval,AutoTrash,conf-soft-m300-k4,79.46,47.12,50.11,0.7978,0.4234,0.649
eval,AutoTrash,ratio-soft-k4,74.16,60.96,49.89,0.7125,,0.649
eval,AutoTrash,zscore-soft-k4,72.3,59.1,50.05,0.6206,,0.649
eval,AutoTrash,conf-hard-m0-k4,76.64,61.8,50.58,0.6461,0.3488,0.649
eval,AutoTrash,conf-hard-m10-k4,77.88,58.82,50.58,0.7402,0.393,0.649
eval,AutoTrash,conf-hard-m30-k4,78.64,54.9,50.58,0.7743,0.4145,0.649
eval,AutoTrash,conf-hard-m100-k4,79.34,50.56,50.32,0.7907,0.4222,0.649
eval,AutoTrash,conf-hard-m300-k4,79.68,47.62,50.21,0.7974,0.4244,0.649
eval,AutoTrash,ratio-hard-k4,76.88,62.96,50.58,0.6469,,0.649
eval,AutoTrash,zscore-hard-k4,76.62,59.06,50.58,0.6816,,0.649
eval,BandSealer,raw-k1,70.32,47.28,55.0,0.4897,,0.9
eval,BandSealer,conf-soft-m0-k1,63.84,56.0,56.53,0.398,0.2381,0.9
eval,BandSealer,conf-soft-m10-k1,67.7,51.9,56.37,0.4529,0.2493,0.9
eval,BandSealer,conf-soft-m30-k1,69.16,49.78,55.84,0.4711,0.2601,0.9
eval,BandSealer,conf-soft-m100-k1,69.82,48.16,55.42,0.482,0.266,0.9
eval,BandSealer,conf-soft-m300-k1,70.12,47.72,55.37,0.4857,0.268,0.9
eval,BandSealer,ratio-soft-k1,68.42,49.86,55.26,0.398,,0.9
eval,BandSealer,zscore-soft-k1,63.88,54.76,55.84,0.4141,,0.9
eval,BandSealer,conf-hard-m0-k1,60.84,57.68,54.58,0.4319,0.25,0.9
eval,BandSealer,conf-hard-m10-k1,65.78,53.36,55.11,0.4354,0.2418,0.9
eval,BandSealer,conf-hard-m30-k1,68.38,50.62,55.11,0.462,0.2561,0.9
eval,BandSealer,conf-hard-m100-k1,69.66,48.42,54.74,0.4794,0.2646,0.9
eval,BandSealer,conf-hard-m300-k1,70.04,47.52,54.53,0.4851,0.2674,0.9
eval,BandSealer,ratio-hard-k1,67.42,50.76,54.74,0.4313,,0.9
eval,BandSealer,zscore-hard-k1,60.06,58.62,54.89,0.4572,,0.9
eval,BandSealer,raw-k2,74.02,43.26,54.95,0.4844,,0.9
eval,BandSealer,conf-soft-m0-k2,67.72,51.24,56.47,0.3622,0.223,0.9
eval,BandSealer,conf-soft-m10-k2,71.3,47.68,56.0,0.438,0.2485,0.9
eval,BandSealer,conf-soft-m30-k2,72.78,45.44,55.63,0.4624,0.2606,0.9
eval,BandSealer,conf-soft-m100-k2,73.48,44.04,55.53,0.48,0.2677,0.9
eval,BandSealer,conf-soft-m300-k2,73.82,43.62,55.32,0.4828,0.2704,0.9
eval,BandSealer,ratio-soft-k2,72.06,46.1,55.37,0.396,,0.9
eval,BandSealer,zscore-soft-k2,68.42,50.26,55.58,0.397,,0.9
eval,BandSealer,conf-hard-m0-k2,64.42,53.7,54.53,0.4107,0.2322,0.9
eval,BandSealer,conf-hard-m10-k2,69.56,49.8,54.79,0.4103,0.2352,0.9
eval,BandSealer,conf-hard-m30-k2,72.04,46.4,54.63,0.4481,0.255,0.9
eval,BandSealer,conf-hard-m100-k2,73.3,44.26,54.32,0.4715,0.2654,0.9
eval,BandSealer,conf-hard-m300-k2,73.62,43.6,54.63,0.4816,0.2694,0.9
eval,BandSealer,ratio-hard-k2,70.62,47.6,54.84,0.3998,,0.9
eval,BandSealer,zscore-hard-k2,63.84,54.36,54.53,0.4586,,0.9
eval,BandSealer,raw-k4,75.14,41.32,55.32,0.5891,,0.9
eval,BandSealer,conf-soft-m0-k4,69.68,49.5,57.21,0.3994,0.2299,0.9
eval,BandSealer,conf-soft-m10-k4,72.78,45.54,56.47,0.5226,0.2852,0.9
eval,BandSealer,conf-soft-m30-k4,74.1,43.66,55.89,0.5582,0.3076,0.9
eval,BandSealer,conf-soft-m100-k4,74.86,42.46,55.63,0.577,0.3187,0.9
eval,BandSealer,conf-soft-m300-k4,75.04,42.14,55.68,0.5857,0.3227,0.9
eval,BandSealer,ratio-soft-k4,72.6,45.36,55.58,0.4319,,0.9
eval,BandSealer,zscore-soft-k4,71.06,47.9,55.74,0.3939,,0.9
eval,BandSealer,conf-hard-m0-k4,65.66,52.34,54.95,0.4428,0.247,0.9
eval,BandSealer,conf-hard-m10-k4,70.9,48.22,55.05,0.4739,0.2626,0.9
eval,BandSealer,conf-hard-m30-k4,73.28,44.86,54.74,0.537,0.2977,0.9
eval,BandSealer,conf-hard-m100-k4,74.58,42.74,54.42,0.5675,0.3155,0.9
eval,BandSealer,conf-hard-m300-k4,74.96,41.88,54.74,0.5816,0.3214,0.9
eval,BandSealer,ratio-hard-k4,70.5,48.56,54.58,0.3861,,0.9
eval,BandSealer,zscore-hard-k4,66.78,52.52,54.68,0.4846,,0.9
eval,CoffeeGrinder,raw-k1,74.62,33.66,50.11,0.7335,,1.0
eval,CoffeeGrinder,conf-soft-m0-k1,70.42,41.72,52.32,0.4495,0.2644,1.0
eval,CoffeeGrinder,conf-soft-m10-k1,72.7,38.32,51.74,0.582,0.3205,1.0
eval,CoffeeGrinder,conf-soft-m30-k1,73.34,36.4,51.11,0.6663,0.3631,1.0
eval,CoffeeGrinder,conf-soft-m100-k1,73.92,34.56,51.11,0.7051,0.3847,1.0
eval,CoffeeGrinder,conf-soft-m300-k1,74.44,34.04,51.05,0.721,0.3918,1.0
eval,CoffeeGrinder,ratio-soft-k1,69.56,40.94,52.05,0.4515,,1.0
eval,CoffeeGrinder,zscore-soft-k1,72.16,39.38,50.89,0.4727,,1.0
eval,CoffeeGrinder,conf-hard-m0-k1,69.9,40.5,50.89,0.5188,0.2945,1.0
eval,CoffeeGrinder,conf-hard-m10-k1,72.32,36.68,50.89,0.5533,0.3129,1.0
eval,CoffeeGrinder,conf-hard-m30-k1,73.4,34.88,50.89,0.6584,0.3597,1.0
eval,CoffeeGrinder,conf-hard-m100-k1,73.88,33.66,50.89,0.7038,0.3834,1.0
eval,CoffeeGrinder,conf-hard-m300-k1,74.4,33.6,50.58,0.7204,0.3912,1.0
eval,CoffeeGrinder,ratio-hard-k1,65.76,42.82,50.89,0.5198,,1.0
eval,CoffeeGrinder,zscore-hard-k1,71.24,39.38,50.89,0.5473,,1.0
eval,CoffeeGrinder,raw-k2,73.54,34.58,50.95,0.8261,,1.0
eval,CoffeeGrinder,conf-soft-m0-k2,65.94,44.1,53.42,0.4489,0.2618,1.0
eval,CoffeeGrinder,conf-soft-m10-k2,69.8,40.4,53.11,0.6547,0.3526,1.0
eval,CoffeeGrinder,conf-soft-m30-k2,71.24,37.52,51.32,0.743,0.3976,1.0
eval,CoffeeGrinder,conf-soft-m100-k2,72.42,36.58,51.05,0.7976,0.4217,1.0
eval,CoffeeGrinder,conf-soft-m300-k2,72.96,35.46,51.21,0.8158,0.4304,1.0
eval,CoffeeGrinder,ratio-soft-k2,70.18,39.7,50.95,0.4315,,1.0
eval,CoffeeGrinder,zscore-soft-k2,69.56,41.24,50.84,0.456,,1.0
eval,CoffeeGrinder,conf-hard-m0-k2,62.58,44.38,51.05,0.5184,0.2895,1.0
eval,CoffeeGrinder,conf-hard-m10-k2,69.22,39.3,51.05,0.601,0.3304,1.0
eval,CoffeeGrinder,conf-hard-m30-k2,71.32,36.2,51.05,0.7212,0.3881,1.0
eval,CoffeeGrinder,conf-hard-m100-k2,72.1,34.74,51.0,0.7855,0.418,1.0
eval,CoffeeGrinder,conf-hard-m300-k2,72.98,34.32,50.74,0.8107,0.4288,1.0
eval,CoffeeGrinder,ratio-hard-k2,66.6,41.7,51.05,0.4683,,1.0
eval,CoffeeGrinder,zscore-hard-k2,65.38,43.42,51.05,0.5826,,1.0
eval,CoffeeGrinder,raw-k4,71.92,34.78,51.89,0.9515,,1.0
eval,CoffeeGrinder,conf-soft-m0-k4,61.06,46.02,50.89,0.4523,0.2659,1.0
eval,CoffeeGrinder,conf-soft-m10-k4,66.64,40.76,51.0,0.7697,0.405,1.0
eval,CoffeeGrinder,conf-soft-m30-k4,68.66,39.06,51.16,0.8687,0.4583,1.0
eval,CoffeeGrinder,conf-soft-m100-k4,70.7,37.26,50.79,0.9224,0.4851,1.0
eval,CoffeeGrinder,conf-soft-m300-k4,71.44,35.5,50.84,0.938,0.494,1.0
eval,CoffeeGrinder,ratio-soft-k4,67.1,41.52,51.95,0.5808,,1.0
eval,CoffeeGrinder,zscore-soft-k4,66.52,44.16,51.0,0.4533,,1.0
eval,CoffeeGrinder,conf-hard-m0-k4,57.46,47.3,51.05,0.5131,0.2835,1.0
eval,CoffeeGrinder,conf-hard-m10-k4,65.14,40.82,51.05,0.6893,0.3723,1.0
eval,CoffeeGrinder,conf-hard-m30-k4,68.4,36.9,51.05,0.8325,0.4438,1.0
eval,CoffeeGrinder,conf-hard-m100-k4,70.28,35.9,50.74,0.9097,0.4797,1.0
eval,CoffeeGrinder,conf-hard-m300-k4,71.38,35.06,51.11,0.9317,0.4918,1.0
eval,CoffeeGrinder,ratio-hard-k4,56.78,45.94,51.05,0.4582,,1.0
eval,CoffeeGrinder,zscore-hard-k4,57.72,47.64,51.0,0.5913,,1.0
eval,HomeCamera,raw-k1,74.32,34.78,51.74,0.6681,,0.95
eval,HomeCamera,conf-soft-m0-k1,69.02,40.88,51.84,0.462,0.2556,0.95
eval,HomeCamera,conf-soft-m10-k1,71.54,38.24,52.16,0.6016,0.323,0.95
eval,HomeCamera,conf-soft-m30-k1,72.76,36.88,52.84,0.6364,0.3447,0.95
eval,HomeCamera,conf-soft-m100-k1,73.56,35.82,52.37,0.6552,0.3556,0.95
eval,HomeCamera,conf-soft-m300-k1,74.06,35.22,52.0,0.6624,0.359,0.95
eval,HomeCamera,ratio-soft-k1,69.74,38.92,52.47,0.5533,,0.95
eval,HomeCamera,zscore-soft-k1,69.34,39.44,52.74,0.5422,,0.95
eval,HomeCamera,conf-hard-m0-k1,65.2,47.14,52.89,0.419,0.2347,0.95
eval,HomeCamera,conf-hard-m10-k1,69.9,42.26,52.74,0.524,0.2951,0.95
eval,HomeCamera,conf-hard-m30-k1,72.08,39.34,52.58,0.6079,0.3331,0.95
eval,HomeCamera,conf-hard-m100-k1,73.22,36.76,52.53,0.6483,0.3525,0.95
eval,HomeCamera,conf-hard-m300-k1,73.86,35.6,52.05,0.6572,0.358,0.95
eval,HomeCamera,ratio-hard-k1,65.88,44.2,52.37,0.4628,,0.95
eval,HomeCamera,zscore-hard-k1,64.74,46.14,52.63,0.4655,,0.95
eval,HomeCamera,raw-k2,76.84,31.1,50.68,0.7529,,0.95
eval,HomeCamera,conf-soft-m0-k2,69.5,38.92,52.0,0.4907,0.2641,0.95
eval,HomeCamera,conf-soft-m10-k2,73.18,36.44,52.05,0.6636,0.3508,0.95
eval,HomeCamera,conf-soft-m30-k2,74.92,34.52,51.68,0.7158,0.3797,0.95
eval,HomeCamera,conf-soft-m100-k2,76.12,32.76,51.32,0.741,0.3954,0.95
eval,HomeCamera,conf-soft-m300-k2,76.48,31.82,50.95,0.7479,0.4003,0.95
eval,HomeCamera,ratio-soft-k2,70.12,37.36,51.84,0.5804,,0.95
eval,HomeCamera,zscore-soft-k2,70.56,36.98,51.84,0.5719,,0.95
eval,HomeCamera,conf-hard-m0-k2,63.66,47.4,52.79,0.3976,0.2206,0.95
eval,HomeCamera,conf-hard-m10-k2,70.6,41.66,52.47,0.5636,0.3119,0.95
eval,HomeCamera,conf-hard-m30-k2,73.34,38.32,52.37,0.6699,0.3635,0.95
eval,HomeCamera,conf-hard-m100-k2,75.48,34.48,51.89,0.722,0.3895,0.95
eval,HomeCamera,conf-hard-m300-k2,76.28,32.74,51.47,0.7416,0.398,0.95
eval,HomeCamera,ratio-hard-k2,62.84,46.56,52.53,0.3859,,0.95
eval,HomeCamera,zscore-hard-k2,63.88,45.72,52.53,0.4451,,0.95
eval,HomeCamera,raw-k4,78.62,29.08,50.32,0.7962,,0.95
eval,HomeCamera,conf-soft-m0-k4,69.66,38.02,51.16,0.5481,0.2929,0.95
eval,HomeCamera,conf-soft-m10-k4,74.42,34.72,51.32,0.7016,0.3684,0.95
eval,HomeCamera,conf-soft-m30-k4,76.48,32.78,51.16,0.7527,0.3986,0.95
eval,HomeCamera,conf-soft-m100-k4,77.64,31.34,51.05,0.78,0.4149,0.95
eval,HomeCamera,conf-soft-m300-k4,78.22,30.28,50.74,0.7873,0.4201,0.95
eval,HomeCamera,ratio-soft-k4,71.08,36.18,51.89,0.6469,,0.95
eval,HomeCamera,zscore-soft-k4,71.94,35.3,51.58,0.639,,0.95
eval,HomeCamera,conf-hard-m0-k4,63.3,47.86,53.11,0.3832,0.2155,0.95
eval,HomeCamera,conf-hard-m10-k4,69.96,41.46,52.42,0.6018,0.3297,0.95
eval,HomeCamera,conf-hard-m30-k4,74.3,37.42,52.37,0.701,0.3814,0.95
eval,HomeCamera,conf-hard-m100-k4,76.96,33.38,51.53,0.7598,0.4087,0.95
eval,HomeCamera,conf-hard-m300-k4,77.76,31.48,51.32,0.7804,0.4175,0.95
eval,HomeCamera,ratio-hard-k4,60.96,49.04,52.79,0.344,,0.95
eval,HomeCamera,zscore-hard-k4,63.22,46.46,52.68,0.4523,,0.95
eval,Polisher,raw-k1,75.22,40.4,51.74,0.5956,,0.8
eval,Polisher,conf-soft-m0-k1,69.3,52.94,52.95,0.5291,0.2817,0.8
eval,Polisher,conf-soft-m10-k1,71.74,48.18,53.21,0.5325,0.2991,0.8
eval,Polisher,conf-soft-m30-k1,73.28,44.38,52.32,0.5788,0.3228,0.8
eval,Polisher,conf-soft-m100-k1,74.34,42.0,51.79,0.5895,0.3302,0.8
eval,Polisher,conf-soft-m300-k1,74.98,41.14,51.84,0.5917,0.3309,0.8
eval,Polisher,ratio-soft-k1,70.76,50.54,52.68,0.5513,,0.8
eval,Polisher,zscore-soft-k1,71.0,49.68,52.05,0.5739,,0.8
eval,Polisher,conf-hard-m0-k1,69.52,54.92,54.05,0.5081,0.2766,0.8
eval,Polisher,conf-hard-m10-k1,71.96,49.94,54.05,0.5154,0.2929,0.8
eval,Polisher,conf-hard-m30-k1,73.3,46.0,53.89,0.5677,0.3195,0.8
eval,Polisher,conf-hard-m100-k1,74.32,42.6,52.47,0.5871,0.3296,0.8
eval,Polisher,conf-hard-m300-k1,74.86,41.3,52.32,0.5905,0.3307,0.8
eval,Polisher,ratio-hard-k1,69.24,54.68,54.05,0.5491,,0.8
eval,Polisher,zscore-hard-k1,69.86,53.1,54.05,0.5693,,0.8
eval,Polisher,raw-k2,74.74,39.5,51.63,0.6998,,0.8
eval,Polisher,conf-soft-m0-k2,67.82,53.92,52.42,0.5113,0.2787,0.8
eval,Polisher,conf-soft-m10-k2,71.06,48.16,52.21,0.6036,0.3373,0.8
eval,Polisher,conf-soft-m30-k2,72.58,44.24,51.37,0.6527,0.3627,0.8
eval,Polisher,conf-soft-m100-k2,73.74,41.48,51.47,0.6824,0.3766,0.8
eval,Polisher,conf-soft-m300-k2,74.28,40.24,51.26,0.6933,0.3808,0.8
eval,Polisher,ratio-soft-k2,69.68,51.24,52.21,0.5093,,0.8
eval,Polisher,zscore-soft-k2,70.06,49.62,51.32,0.5477,,0.8
eval,Polisher,conf-hard-m0-k2,67.72,55.96,53.32,0.4925,0.2703,0.8
eval,Polisher,conf-hard-m10-k2,70.94,50.14,53.32,0.5853,0.3311,0.8
eval,Polisher,conf-hard-m30-k2,72.62,45.82,53.32,0.6388,0.3572,0.8
eval,Polisher,conf-hard-m100-k2,73.74,42.32,52.26,0.6764,0.3745,0.8
eval,Polisher,conf-hard-m300-k2,74.32,40.62,51.84,0.6909,0.3799,0.8
eval,Polisher,ratio-hard-k2,67.12,57.14,53.32,0.5063,,0.8
eval,Polisher,zscore-hard-k2,68.48,54.56,53.32,0.5376,,0.8
eval,Polisher,raw-k4,73.36,36.54,50.84,0.7055,,0.8
eval,Polisher,conf-soft-m0-k4,66.4,52.7,51.68,0.5218,0.2889,0.8
eval,Polisher,conf-soft-m10-k4,69.52,46.28,51.63,0.6337,0.3527,0.8
eval,Polisher,conf-soft-m30-k4,71.24,42.32,51.42,0.6788,0.3744,0.8
eval,Polisher,conf-soft-m100-k4,72.46,38.92,51.47,0.6974,0.3854,0.8
eval,Polisher,conf-soft-m300-k4,72.96,37.7,51.47,0.7024,0.3877,0.8
eval,Polisher,ratio-soft-k4,68.48,49.4,52.16,0.542,,0.8
eval,Polisher,zscore-soft-k4,69.18,47.64,51.47,0.5527,,0.8
eval,Polisher,conf-hard-m0-k4,65.94,55.68,52.89,0.4756,0.2645,0.8
eval,Polisher,conf-hard-m10-k4,69.46,49.46,52.89,0.6121,0.3437,0.8
eval,Polisher,conf-hard-m30-k4,71.14,44.32,52.89,0.6608,0.3682,0.8
eval,Polisher,conf-hard-m100-k4,72.46,39.96,51.89,0.6899,0.3823,0.8
eval,Polisher,conf-hard-m300-k4,72.98,38.36,51.74,0.7,0.3866,0.8
eval,Polisher,ratio-hard-k4,65.52,56.74,52.89,0.4733,,0.8
eval,Polisher,zscore-hard-k4,67.08,52.78,52.89,0.5285,,0.8
eval,ScrewFeeder,raw-k1,80.08,88.7,72.0,0.5465,,0.75
eval,ScrewFeeder,conf-soft-m0-k1,81.92,90.74,75.26,0.4349,0.2508,0.75
eval,ScrewFeeder,conf-soft-m10-k1,81.1,89.88,74.26,0.5103,0.2721,0.75
eval,ScrewFeeder,conf-soft-m30-k1,80.72,89.34,72.95,0.5285,0.2861,0.75
eval,ScrewFeeder,conf-soft-m100-k1,80.42,88.96,72.42,0.5386,0.2942,0.75
eval,ScrewFeeder,conf-soft-m300-k1,80.32,88.9,72.42,0.5432,0.2969,0.75
eval,ScrewFeeder,ratio-soft-k1,81.56,90.52,74.11,0.4541,,0.75
eval,ScrewFeeder,zscore-soft-k1,81.36,90.18,73.89,0.4529,,0.75
eval,ScrewFeeder,conf-hard-m0-k1,79.8,87.82,70.68,0.4414,0.2502,0.75
eval,ScrewFeeder,conf-hard-m10-k1,80.4,88.58,70.84,0.4727,0.2666,0.75
eval,ScrewFeeder,conf-hard-m30-k1,80.54,88.8,71.63,0.5143,0.2844,0.75
eval,ScrewFeeder,conf-hard-m100-k1,80.26,88.72,71.89,0.5343,0.2943,0.75
eval,ScrewFeeder,conf-hard-m300-k1,80.1,88.74,71.95,0.5408,0.2972,0.75
eval,ScrewFeeder,ratio-hard-k1,80.54,88.32,71.68,0.4436,,0.75
eval,ScrewFeeder,zscore-hard-k1,80.54,88.56,71.68,0.4905,,0.75
eval,ScrewFeeder,raw-k2,80.52,89.2,72.42,0.596,,0.75
eval,ScrewFeeder,conf-soft-m0-k2,82.48,91.32,75.05,0.4509,0.2517,0.75
eval,ScrewFeeder,conf-soft-m10-k2,81.98,90.46,73.84,0.556,0.2931,0.75
eval,ScrewFeeder,conf-soft-m30-k2,81.38,89.9,73.11,0.5778,0.3108,0.75
eval,ScrewFeeder,conf-soft-m100-k2,80.82,89.52,72.47,0.5889,0.3205,0.75
eval,ScrewFeeder,conf-soft-m300-k2,80.62,89.34,72.53,0.5929,0.3238,0.75
eval,ScrewFeeder,ratio-soft-k2,82.12,90.82,73.89,0.5293,,0.75
eval,ScrewFeeder,zscore-soft-k2,81.9,90.62,73.32,0.4994,,0.75
eval,ScrewFeeder,conf-hard-m0-k2,80.3,88.54,71.16,0.4457,0.2516,0.75
eval,ScrewFeeder,conf-hard-m10-k2,81.06,89.26,71.58,0.5032,0.2804,0.75
eval,ScrewFeeder,conf-hard-m30-k2,81.1,89.44,72.32,0.5675,0.3103,0.75
eval,ScrewFeeder,conf-hard-m100-k2,80.8,89.38,72.42,0.5853,0.3219,0.75
eval,ScrewFeeder,conf-hard-m300-k2,80.58,89.28,72.32,0.5925,0.3245,0.75
eval,ScrewFeeder,ratio-hard-k2,81.1,89.04,72.16,0.4234,,0.75
eval,ScrewFeeder,zscore-hard-k2,81.28,89.4,72.42,0.5073,,0.75
eval,ScrewFeeder,raw-k4,80.94,89.66,72.68,0.6481,,0.75
eval,ScrewFeeder,conf-soft-m0-k4,82.9,91.36,75.95,0.5012,0.2723,0.75
eval,ScrewFeeder,conf-soft-m10-k4,82.46,90.96,75.16,0.5947,0.3147,0.75
eval,ScrewFeeder,conf-soft-m30-k4,81.72,90.56,74.05,0.623,0.3338,0.75
eval,ScrewFeeder,conf-soft-m100-k4,81.2,90.02,73.16,0.6384,0.3439,0.75
eval,ScrewFeeder,conf-soft-m300-k4,81.1,89.8,72.89,0.6444,0.3471,0.75
eval,ScrewFeeder,ratio-soft-k4,82.46,91.22,74.26,0.5574,,0.75
eval,ScrewFeeder,zscore-soft-k4,82.16,91.08,74.0,0.5345,,0.75
eval,ScrewFeeder,conf-hard-m0-k4,80.76,89.34,71.63,0.4543,0.2503,0.75
eval,ScrewFeeder,conf-hard-m10-k4,81.56,89.88,72.32,0.5473,0.3014,0.75
eval,ScrewFeeder,conf-hard-m30-k4,81.52,90.0,72.95,0.6044,0.3298,0.75
eval,ScrewFeeder,conf-hard-m100-k4,81.4,89.96,73.42,0.6261,0.3426,0.75
eval,ScrewFeeder,conf-hard-m300-k4,81.06,89.84,72.89,0.6416,0.3467,0.75
eval,ScrewFeeder,ratio-hard-k4,81.66,89.94,72.63,0.4477,,0.75
eval,ScrewFeeder,zscore-hard-k4,81.78,90.2,73.05,0.4935,,0.75
eval,ToyPet,raw-k1,80.04,47.12,56.63,0.9166,,0.55
eval,ToyPet,conf-soft-m0-k1,68.04,63.14,57.89,0.8018,0.4124,0.55
eval,ToyPet,conf-soft-m10-k1,72.54,58.9,59.0,0.8802,0.4634,0.55
eval,ToyPet,conf-soft-m30-k1,75.88,55.16,58.42,0.8998,0.4748,0.55
eval,ToyPet,conf-soft-m100-k1,77.98,52.02,57.89,0.9111,0.4812,0.55
eval,ToyPet,conf-soft-m300-k1,79.14,50.04,57.32,0.9131,0.483,0.55
eval,ToyPet,ratio-soft-k1,75.52,56.18,58.95,0.8855,,0.55
eval,ToyPet,zscore-soft-k1,74.88,56.82,58.84,0.8739,,0.55
eval,ToyPet,conf-hard-m0-k1,72.66,63.48,57.0,0.8899,0.4723,0.55
eval,ToyPet,conf-hard-m10-k1,74.86,59.38,57.0,0.9099,0.4827,0.55
eval,ToyPet,conf-hard-m30-k1,76.62,56.16,57.0,0.9141,0.4845,0.55
eval,ToyPet,conf-hard-m100-k1,78.28,52.48,57.0,0.9164,0.4851,0.55
eval,ToyPet,conf-hard-m300-k1,79.14,51.12,56.95,0.9166,0.4848,0.55
eval,ToyPet,ratio-hard-k1,72.86,63.32,57.0,0.8992,,0.55
eval,ToyPet,zscore-hard-k1,72.72,63.92,57.0,0.9141,,0.55
eval,ToyPet,raw-k2,80.16,46.22,57.0,0.899,,0.55
eval,ToyPet,conf-soft-m0-k2,68.56,62.2,58.95,0.7879,0.4071,0.55
eval,ToyPet,conf-soft-m10-k2,72.7,58.44,59.16,0.8655,0.454,0.55
eval,ToyPet,conf-soft-m30-k2,75.74,55.28,59.37,0.882,0.4668,0.55
eval,ToyPet,conf-soft-m100-k2,78.06,51.94,58.42,0.8962,0.474,0.55
eval,ToyPet,conf-soft-m300-k2,79.14,49.58,58.05,0.8986,0.476,0.55
eval,ToyPet,ratio-soft-k2,75.96,54.94,59.68,0.864,,0.55
eval,ToyPet,zscore-soft-k2,75.34,55.4,59.53,0.8487,,0.55
eval,ToyPet,conf-hard-m0-k2,72.78,63.0,57.53,0.8776,0.4681,0.55
eval,ToyPet,conf-hard-m10-k2,75.12,59.48,57.53,0.8925,0.4757,0.55
eval,ToyPet,conf-hard-m30-k2,76.8,56.6,57.53,0.8962,0.4773,0.55
eval,ToyPet,conf-hard-m100-k2,78.26,52.78,57.53,0.8984,0.4779,0.55
eval,ToyPet,conf-hard-m300-k2,79.36,51.34,57.68,0.899,0.4775,0.55
eval,ToyPet,ratio-hard-k2,73.34,62.78,57.53,0.8909,,0.55
eval,ToyPet,zscore-hard-k2,73.2,63.48,57.53,0.898,,0.55
eval,ToyPet,raw-k4,79.32,45.56,57.16,0.8877,,0.55
eval,ToyPet,conf-soft-m0-k4,68.96,59.96,59.26,0.7794,0.4026,0.55
eval,ToyPet,conf-soft-m10-k4,72.9,56.22,59.26,0.8533,0.4484,0.55
eval,ToyPet,conf-soft-m30-k4,75.32,53.54,59.26,0.8721,0.4603,0.55
eval,ToyPet,conf-soft-m100-k4,77.44,50.82,58.32,0.881,0.4678,0.55
eval,ToyPet,conf-soft-m300-k4,78.4,48.62,57.58,0.8848,0.4696,0.55
eval,ToyPet,ratio-soft-k4,75.3,53.88,58.84,0.8455,,0.55
eval,ToyPet,zscore-soft-k4,74.72,53.78,58.53,0.8295,,0.55
eval,ToyPet,conf-hard-m0-k4,71.94,62.02,57.58,0.8683,0.4639,0.55
eval,ToyPet,conf-hard-m10-k4,74.58,58.82,57.58,0.8824,0.4698,0.55
eval,ToyPet,conf-hard-m30-k4,76.16,55.84,57.58,0.8853,0.4713,0.55
eval,ToyPet,conf-hard-m100-k4,77.54,52.4,57.68,0.8875,0.4717,0.55
eval,ToyPet,conf-hard-m300-k4,78.54,50.2,57.84,0.8877,0.4713,0.55
eval,ToyPet,ratio-hard-k4,72.66,61.7,57.58,0.8816,,0.55
eval,ToyPet,zscore-hard-k4,72.92,62.46,57.58,0.8875,,0.55
eval,ToyRCCar,raw-k1,63.42,56.64,52.26,0.4529,,0.599
eval,ToyRCCar,conf-soft-m0-k1,61.04,58.62,52.42,0.3889,0.2215,0.599
eval,ToyRCCar,conf-soft-m10-k1,62.24,57.72,52.37,0.4301,0.2462,0.599
eval,ToyRCCar,conf-soft-m30-k1,62.9,57.12,52.32,0.4426,0.2553,0.599
eval,ToyRCCar,conf-soft-m100-k1,63.18,56.8,52.21,0.4483,0.26,0.599
eval,ToyRCCar,conf-soft-m300-k1,63.28,56.78,52.21,0.4507,0.2614,0.599
eval,ToyRCCar,ratio-soft-k1,62.02,58.62,52.58,0.364,,0.599
eval,ToyRCCar,zscore-soft-k1,61.66,60.28,52.11,0.3453,,0.599
eval,ToyRCCar,conf-hard-m0-k1,62.28,58.34,52.26,0.4442,0.2533,0.599
eval,ToyRCCar,conf-hard-m10-k1,62.86,57.16,52.26,0.4533,0.2633,0.599
eval,ToyRCCar,conf-hard-m30-k1,63.22,57.0,52.26,0.4529,0.2633,0.599
eval,ToyRCCar,conf-hard-m100-k1,63.36,56.72,52.26,0.4529,0.2631,0.599
eval,ToyRCCar,conf-hard-m300-k1,63.42,56.72,52.26,0.4529,0.2628,0.599
eval,ToyRCCar,ratio-hard-k1,62.52,57.9,52.26,0.4444,,0.599
eval,ToyRCCar,zscore-hard-k1,62.18,58.78,52.26,0.4289,,0.599
eval,ToyRCCar,raw-k2,64.58,56.54,52.74,0.4646,,0.599
eval,ToyRCCar,conf-soft-m0-k2,62.54,59.12,52.84,0.3903,0.2246,0.599
eval,ToyRCCar,conf-soft-m10-k2,63.66,57.66,52.74,0.4347,0.2469,0.599
eval,ToyRCCar,conf-soft-m30-k2,64.08,57.16,52.79,0.4503,0.2559,0.599
eval,ToyRCCar,conf-soft-m100-k2,64.48,56.68,52.74,0.4586,0.2616,0.599
eval,ToyRCCar,conf-soft-m300-k2,64.58,56.6,52.74,0.4618,0.2635,0.599
eval,ToyRCCar,ratio-soft-k2,62.62,59.08,52.79,0.3513,,0.599
eval,ToyRCCar,zscore-soft-k2,62.56,59.88,52.68,0.3515,,0.599
eval,ToyRCCar,conf-hard-m0-k2,63.14,58.44,52.74,0.4432,0.2523,0.599
eval,ToyRCCar,conf-hard-m10-k2,64.0,57.48,52.74,0.4604,0.2649,0.599
eval,ToyRCCar,conf-hard-m30-k2,64.3,57.14,52.74,0.4632,0.2656,0.599
eval,ToyRCCar,conf-hard-m100-k2,64.52,56.72,52.74,0.4632,0.2653,0.599
eval,ToyRCCar,conf-hard-m300-k2,64.56,56.58,52.74,0.4632,0.265,0.599
eval,ToyRCCar,ratio-hard-k2,62.98,58.24,52.74,0.4497,,0.599
eval,ToyRCCar,zscore-hard-k2,62.7,58.74,52.74,0.4261,,0.599
eval,ToyRCCar,raw-k4,65.48,56.02,53.05,0.463,,0.599
eval,ToyRCCar,conf-soft-m0-k4,63.7,59.04,53.37,0.3848,0.2189,0.599
eval,ToyRCCar,conf-soft-m10-k4,64.84,57.48,53.16,0.4335,0.244,0.599
eval,ToyRCCar,conf-soft-m30-k4,65.28,56.92,53.11,0.4527,0.2531,0.599
eval,ToyRCCar,conf-soft-m100-k4,65.42,56.34,53.16,0.4592,0.2587,0.599
eval,ToyRCCar,conf-soft-m300-k4,65.46,56.2,53.0,0.4612,0.2606,0.599
eval,ToyRCCar,ratio-soft-k4,64.08,58.96,53.11,0.3451,,0.599
eval,ToyRCCar,zscore-soft-k4,63.38,59.42,53.11,0.3483,,0.599
eval,ToyRCCar,conf-hard-m0-k4,64.02,57.9,53.05,0.4406,0.2485,0.599
eval,ToyRCCar,conf-hard-m10-k4,64.72,57.16,53.05,0.4503,0.2574,0.599
eval,ToyRCCar,conf-hard-m30-k4,65.12,56.78,53.05,0.4566,0.2602,0.599
eval,ToyRCCar,conf-hard-m100-k4,65.42,56.32,53.05,0.4626,0.2613,0.599
eval,ToyRCCar,conf-hard-m300-k4,65.46,56.2,53.05,0.4626,0.2616,0.599
eval,ToyRCCar,ratio-hard-k4,63.72,57.72,53.05,0.4444,,0.599
eval,ToyRCCar,zscore-hard-k4,63.48,58.14,53.05,0.4287,,0.599
