split,machine,config,auc_source,auc_target,pauc,balance_ks
dev,bearing,raw-k1,60.56,48.02,57.53,0.4354
dev,bearing,conf-soft-m0-k1,60.34,49.08,57.58,0.4503
dev,bearing,conf-soft-m10-k1,60.44,48.58,57.58,0.439
dev,bearing,conf-soft-m30-k1,60.46,48.26,57.63,0.4366
dev,bearing,conf-soft-m100-k1,60.48,48.14,57.58,0.4358
dev,bearing,conf-soft-m300-k1,60.52,48.12,57.58,0.4349
dev,bearing,ratio-soft-k1,60.46,49.06,57.47,0.4483
dev,bearing,zscore-soft-k1,60.24,48.84,57.26,0.4446
dev,bearing,conf-hard-m0-k1,60.56,49.28,57.53,0.4378
dev,bearing,conf-hard-m10-k1,60.56,48.8,57.53,0.4356
dev,bearing,conf-hard-m30-k1,60.56,48.46,57.53,0.4356
dev,bearing,conf-hard-m100-k1,60.56,48.16,57.53,0.4354
dev,bearing,conf-hard-m300-k1,60.56,48.06,57.53,0.4354
dev,bearing,ratio-hard-k1,60.56,49.66,57.53,0.437
dev,bearing,zscore-hard-k1,60.56,49.3,57.53,0.4378
dev,bearing,raw-k2,59.88,47.78,57.79,0.4945
dev,bearing,conf-soft-m0-k2,59.3,48.56,57.42,0.5055
dev,bearing,conf-soft-m10-k2,59.66,48.16,57.47,0.4974
dev,bearing,conf-soft-m30-k2,59.7,47.96,57.74,0.4966
dev,bearing,conf-soft-m100-k2,59.82,47.84,57.79,0.4952
dev,bearing,conf-soft-m300-k2,59.84,47.74,57.79,0.4947
dev,bearing,ratio-soft-k2,59.7,48.76,57.47,0.5018
dev,bearing,zscore-soft-k2,59.36,48.5,57.95,0.5014
dev,bearing,conf-hard-m0-k2,59.88,48.9,57.79,0.4976
dev,bearing,conf-hard-m10-k2,59.88,48.36,57.79,0.496
dev,bearing,conf-hard-m30-k2,59.88,48.14,57.79,0.4952
dev,bearing,conf-hard-m100-k2,59.88,47.88,57.79,0.4947
dev,bearing,conf-hard-m300-k2,59.88,47.8,57.79,0.4947
dev,bearing,ratio-hard-k2,59.88,49.84,57.79,0.4974
dev,bearing,zscore-hard-k2,59.88,48.82,57.79,0.4976
dev,bearing,raw-k4,58.64,47.28,56.95,0.523
dev,bearing,conf-soft-m0-k4,58.16,48.52,57.16,0.5228
dev,bearing,conf-soft-m10-k4,58.6,47.9,57.05,0.5232
dev,bearing,conf-soft-m30-k4,58.7,47.68,57.05,0.5228
dev,bearing,conf-soft-m100-k4,58.72,47.44,57.0,0.5232
dev,bearing,conf-soft-m300-k4,58.72,47.42,56.95,0.523
dev,bearing,ratio-soft-k4,58.34,48.34,56.68,0.5192
dev,bearing,zscore-soft-k4,58.12,48.3,57.84,0.5099
dev,bearing,conf-hard-m0-k4,58.64,48.54,56.95,0.5259
dev,bearing,conf-hard-m10-k4,58.64,48.0,56.95,0.5236
dev,bearing,conf-hard-m30-k4,58.64,47.68,56.95,0.5236
dev,bearing,conf-hard-m100-k4,58.64,47.46,56.95,0.523
dev,bearing,conf-hard-m300-k4,58.64,47.38,56.95,0.523
dev,bearing,ratio-hard-k4,58.64,49.34,56.95,0.5257
dev,bearing,zscore-hard-k4,58.64,48.36,56.89,0.5255
dev,bearing,ldn-ratio-K1,67.44,64.38,62.47,0.4857
dev,bearing,ldn-ratio-K16,70.96,62.4,59.68,0.4457
dev,bearing,ldn-diff-K1,66.3,61.12,60.63,0.4614
dev,bearing,ldn-diff-K16,61.1,62.36,54.84,0.3295
dev,bearing,conf-soft-m0-ldnK1,67.06,64.24,62.47,0.4857
dev,bearing,conf-soft-m30-ldnK1,67.14,64.36,62.53,0.4857
dev,fan,raw-k1,61.2,41.2,48.79,0.3586
dev,fan,conf-soft-m0-k1,52.34,49.74,48.42,0.4697
dev,fan,conf-soft-m10-k1,56.04,46.1,48.0,0.3354
dev,fan,conf-soft-m30-k1,58.3,43.4,48.42,0.3309
dev,fan,conf-soft-m100-k1,60.18,42.12,48.63,0.3481
dev,fan,conf-soft-m300-k1,60.7,41.58,48.74,0.3529
dev,fan,ratio-soft-k1,56.0,45.36,48.63,0.4206
dev,fan,zscore-soft-k1,52.14,48.98,48.42,0.5232
dev,fan,conf-hard-m0-k1,52.34,49.76,48.42,0.4699
dev,fan,conf-hard-m10-k1,56.04,46.14,48.0,0.3352
dev,fan,conf-hard-m30-k1,58.3,43.42,48.42,0.3309
dev,fan,conf-hard-m100-k1,60.18,42.14,48.68,0.3481
dev,fan,conf-hard-m300-k1,60.7,41.6,48.79,0.3529
dev,fan,ratio-hard-k1,56.0,45.38,48.68,0.4218
dev,fan,zscore-hard-k1,52.14,49.0,48.42,0.5242
dev,fan,raw-k2,65.12,37.44,48.74,0.5584
dev,fan,conf-soft-m0-k2,55.82,46.48,48.89,0.5178
dev,fan,conf-soft-m10-k2,59.12,42.34,48.74,0.3869
dev,fan,conf-soft-m30-k2,61.46,39.98,48.79,0.4824
dev,fan,conf-soft-m100-k2,63.86,38.4,48.74,0.5311
dev,fan,conf-soft-m300-k2,64.86,37.78,48.74,0.5434
dev,fan,ratio-soft-k2,61.4,40.68,48.74,0.4063
dev,fan,zscore-soft-k2,55.4,45.84,48.79,0.5923
dev,fan,conf-hard-m0-k2,55.8,46.52,48.89,0.5194
dev,fan,conf-hard-m10-k2,59.12,42.36,48.74,0.3867
dev,fan,conf-hard-m30-k2,61.46,40.0,48.79,0.4824
dev,fan,conf-hard-m100-k2,63.84,38.4,48.74,0.5311
dev,fan,conf-hard-m300-k2,64.86,37.78,48.74,0.5432
dev,fan,ratio-hard-k2,61.4,40.7,48.74,0.4087
dev,fan,zscore-hard-k2,55.36,45.9,48.79,0.5941
dev,fan,raw-k4,67.96,32.76,48.58,0.9711
dev,fan,conf-soft-m0-k4,49.12,51.7,49.26,0.6341
dev,fan,conf-soft-m10-k4,57.7,42.98,49.21,0.6988
dev,fan,conf-soft-m30-k4,62.34,37.12,49.05,0.8475
dev,fan,conf-soft-m100-k4,65.8,34.46,48.79,0.918
dev,fan,conf-soft-m300-k4,66.98,33.46,48.79,0.9446
dev,fan,ratio-soft-k4,52.0,48.28,49.16,0.4535
dev,fan,zscore-soft-k4,50.14,51.2,49.0,0.7196
dev,fan,conf-hard-m0-k4,49.08,51.78,49.26,0.6428
dev,fan,conf-hard-m10-k4,57.7,43.06,49.21,0.698
dev,fan,conf-hard-m30-k4,62.34,37.14,49.05,0.8475
dev,fan,conf-hard-m100-k4,65.8,34.48,48.79,0.918
dev,fan,conf-hard-m300-k4,66.98,33.46,48.79,0.9446
dev,fan,ratio-hard-k4,51.94,48.48,49.16,0.4836
dev,fan,zscore-hard-k4,50.1,51.38,49.0,0.7382
dev,fan,ldn-ratio-K1,40.72,59.16,52.05,0.5887
dev,fan,ldn-ratio-K16,30.28,71.2,51.95,0.7952
dev,fan,ldn-diff-K1,38.36,56.8,48.21,0.6756
dev,fan,ldn-diff-K16,25.74,74.56,50.74,1.0
dev,fan,conf-soft-m0-ldnK1,43.36,57.02,52.32,0.5156
dev,fan,conf-soft-m30-ldnK1,43.64,56.86,52.21,0.5265
dev,gearbox,raw-k1,65.5,51.24,55.05,0.5281
dev,gearbox,conf-soft-m0-k1,61.2,53.94,55.0,0.4903
dev,gearbox,conf-soft-m10-k1,63.08,52.6,55.11,0.5297
dev,gearbox,conf-soft-m30-k1,64.04,51.92,55.0,0.5295
dev,gearbox,conf-soft-m100-k1,65.16,51.66,55.11,0.5283
dev,gearbox,conf-soft-m300-k1,65.34,51.5,55.05,0.5279
dev,gearbox,ratio-soft-k1,62.34,52.2,55.16,0.5275
dev,gearbox,zscore-soft-k1,62.32,53.2,54.84,0.5261
dev,gearbox,conf-hard-m0-k1,59.68,53.38,55.79,0.442
dev,gearbox,conf-hard-m10-k1,61.88,52.42,55.37,0.5194
dev,gearbox,conf-hard-m30-k1,63.52,51.26,55.32,0.5283
dev,gearbox,conf-hard-m100-k1,64.82,51.06,55.11,0.5281
dev,gearbox,conf-hard-m300-k1,65.2,51.24,55.11,0.5281
dev,gearbox,ratio-hard-k1,60.38,52.2,56.11,0.4598
dev,gearbox,zscore-hard-k1,59.8,53.22,55.32,0.4628
dev,gearbox,raw-k2,65.82,51.96,55.11,0.5216
dev,gearbox,conf-soft-m0-k2,61.6,54.22,54.95,0.5083
dev,gearbox,conf-soft-m10-k2,63.34,52.86,54.79,0.5228
dev,gearbox,conf-soft-m30-k2,64.46,51.96,55.0,0.522
dev,gearbox,conf-soft-m100-k2,65.38,51.76,54.89,0.5216
dev,gearbox,conf-soft-m300-k2,65.58,51.86,55.05,0.5214
dev,gearbox,ratio-soft-k2,62.84,52.2,55.11,0.5238
dev,gearbox,zscore-soft-k2,63.54,53.62,54.68,0.5206
dev,gearbox,conf-hard-m0-k2,60.06,53.6,55.58,0.4578
dev,gearbox,conf-hard-m10-k2,62.12,52.96,55.32,0.5147
dev,gearbox,conf-hard-m30-k2,63.88,51.3,55.26,0.5216
dev,gearbox,conf-hard-m100-k2,65.16,51.38,55.16,0.5216
dev,gearbox,conf-hard-m300-k2,65.54,51.68,55.11,0.5216
dev,gearbox,ratio-hard-k2,60.34,52.56,55.79,0.4703
dev,gearbox,zscore-hard-k2,60.16,53.98,55.21,0.4909
dev,gearbox,raw-k4,65.74,50.28,54.05,0.5208
dev,gearbox,conf-soft-m0-k4,61.76,51.48,53.89,0.5113
dev,gearbox,conf-soft-m10-k4,63.52,50.18,53.89,0.5208
dev,gearbox,conf-soft-m30-k4,64.52,50.02,54.05,0.5218
dev,gearbox,conf-soft-m100-k4,65.34,50.3,53.89,0.5212
dev,gearbox,conf-soft-m300-k4,65.46,50.3,53.95,0.5208
dev,gearbox,ratio-soft-k4,62.8,50.36,53.47,0.5222
dev,gearbox,zscore-soft-k4,63.86,50.54,53.63,0.5182
dev,gearbox,conf-hard-m0-k4,60.32,51.04,54.37,0.461
dev,gearbox,conf-hard-m10-k4,62.22,50.32,54.32,0.5099
dev,gearbox,conf-hard-m30-k4,64.0,49.56,54.16,0.5208
dev,gearbox,conf-hard-m100-k4,65.2,49.7,54.11,0.5208
dev,gearbox,conf-hard-m300-k4,65.48,50.08,54.0,0.5208
dev,gearbox,ratio-hard-k4,60.34,50.34,54.47,0.4695
dev,gearbox,zscore-hard-k4,61.48,50.8,54.21,0.4923
dev,gearbox,ldn-ratio-K1,62.3,57.82,54.53,0.4446
dev,gearbox,ldn-ratio-K16,64.8,56.14,53.68,0.478
dev,gearbox,ldn-diff-K1,61.28,57.24,56.05,0.4923
dev,gearbox,ldn-diff-K16,41.08,50.38,49.58,0.2681
dev,gearbox,conf-soft-m0-ldnK1,63.38,57.96,54.58,0.4483
dev,gearbox,conf-soft-m30-ldnK1,63.4,57.86,54.53,0.4491
dev,slider,raw-k1,75.44,52.9,51.21,0.6406
dev,slider,conf-soft-m0-k1,74.64,54.38,51.42,0.5943
dev,slider,conf-soft-m10-k1,74.92,53.74,51.21,0.6349
dev,slider,conf-soft-m30-k1,75.14,53.18,51.11,0.6394
dev,slider,conf-soft-m100-k1,75.28,52.96,51.11,0.6392
dev,slider,conf-soft-m300-k1,75.36,52.96,51.21,0.6402
dev,slider,ratio-soft-k1,74.84,54.1,51.58,0.6038
dev,slider,zscore-soft-k1,74.96,53.12,51.21,0.6174
dev,slider,conf-hard-m0-k1,75.3,54.14,51.21,0.582
dev,slider,conf-hard-m10-k1,75.42,53.6,51.21,0.6323
dev,slider,conf-hard-m30-k1,75.42,53.38,51.21,0.6406
dev,slider,conf-hard-m100-k1,75.44,53.14,51.21,0.6406
dev,slider,conf-hard-m300-k1,75.44,53.0,51.21,0.6406
dev,slider,ratio-hard-k1,75.02,54.44,51.21,0.5863
dev,slider,zscore-hard-k1,75.34,53.66,51.21,0.6115
dev,slider,raw-k2,74.7,53.8,50.89,0.6919
dev,slider,conf-soft-m0-k2,73.82,55.54,51.47,0.6826
dev,slider,conf-soft-m10-k2,74.32,54.88,51.26,0.6929
dev,slider,conf-soft-m30-k2,74.62,54.34,51.21,0.6923
dev,slider,conf-soft-m100-k2,74.7,54.0,51.11,0.6915
dev,slider,conf-soft-m300-k2,74.74,53.94,51.0,0.6923
dev,slider,ratio-soft-k2,74.14,55.3,51.95,0.6907
dev,slider,zscore-soft-k2,74.4,54.7,51.26,0.6893
dev,slider,conf-hard-m0-k2,74.6,54.84,50.89,0.6624
dev,slider,conf-hard-m10-k2,74.68,54.42,50.89,0.6931
dev,slider,conf-hard-m30-k2,74.68,54.28,50.89,0.6919
dev,slider,conf-hard-m100-k2,74.7,53.98,50.89,0.6919
dev,slider,conf-hard-m300-k2,74.7,53.84,50.89,0.6919
dev,slider,ratio-hard-k2,74.34,55.18,50.89,0.6612
dev,slider,zscore-hard-k2,74.64,54.5,50.89,0.6893
dev,slider,raw-k4,72.48,54.64,50.53,0.6588
dev,slider,conf-soft-m0-k4,71.1,56.42,51.37,0.6584
dev,slider,conf-soft-m10-k4,71.82,55.64,51.11,0.6594
dev,slider,conf-soft-m30-k4,72.16,55.14,50.95,0.6584
dev,slider,conf-soft-m100-k4,72.22,54.98,50.79,0.6578
dev,slider,conf-soft-m300-k4,72.36,54.74,50.63,0.6576
dev,slider,ratio-soft-k4,71.68,56.2,51.53,0.6638
dev,slider,zscore-soft-k4,71.76,55.78,51.05,0.6646
dev,slider,conf-hard-m0-k4,72.34,55.84,50.53,0.6531
dev,slider,conf-hard-m10-k4,72.48,55.24,50.53,0.6596
dev,slider,conf-hard-m30-k4,72.48,55.1,50.53,0.6588
dev,slider,conf-hard-m100-k4,72.48,54.78,50.53,0.6588
dev,slider,conf-hard-m300-k4,72.48,54.72,50.53,0.6588
dev,slider,ratio-hard-k4,72.18,55.92,50.53,0.656
dev,slider,zscore-hard-k4,72.42,55.5,50.53,0.6604
dev,slider,ldn-ratio-K1,72.28,48.94,55.37,0.4533
dev,slider,ldn-ratio-K16,79.3,50.9,55.89,0.5717
dev,slider,ldn-diff-K1,71.72,49.5,55.58,0.4547
dev,slider,ldn-diff-K16,41.92,52.3,49.26,0.4081
dev,slider,conf-soft-m0-ldnK1,72.52,48.7,55.26,0.4685
dev,slider,conf-soft-m30-ldnK1,72.52,48.72,55.26,0.4667
dev,ToyCar,raw-k1,75.76,58.98,52.11,0.9998
dev,ToyCar,conf-soft-m0-k1,35.24,84.48,48.37,0.4079
dev,ToyCar,conf-soft-m10-k1,39.18,84.08,49.74,0.744
dev,ToyCar,conf-soft-m30-k1,43.56,83.12,51.11,0.8838
dev,ToyCar,conf-soft-m100-k1,50.1,80.82,51.58,0.959
dev,ToyCar,conf-soft-m300-k1,58.56,76.02,51.79,0.9798
dev,ToyCar,ratio-soft-k1,59.34,71.44,50.68,0.7079
dev,ToyCar,zscore-soft-k1,58.16,71.86,50.74,0.7125
dev,ToyCar,conf-hard-m0-k1,50.4,71.04,50.84,0.4709
dev,ToyCar,conf-hard-m10-k1,51.14,70.92,50.84,0.7198
dev,ToyCar,conf-hard-m30-k1,51.62,70.5,50.84,0.8727
dev,ToyCar,conf-hard-m100-k1,53.74,70.42,50.84,0.9533
dev,ToyCar,conf-hard-m300-k1,60.0,69.66,50.84,0.9782
dev,ToyCar,ratio-hard-k1,51.58,70.92,50.84,0.5006
dev,ToyCar,zscore-hard-k1,50.42,71.0,50.84,0.5186
dev,ToyCar,raw-k2,76.16,48.14,52.05,0.9994
dev,ToyCar,conf-soft-m0-k2,34.1,84.2,48.32,0.4059
dev,ToyCar,conf-soft-m10-k2,38.22,83.68,48.89,0.7632
dev,ToyCar,conf-soft-m30-k2,43.3,82.72,50.26,0.8945
dev,ToyCar,conf-soft-m100-k2,50.24,80.9,51.37,0.9636
dev,ToyCar,conf-soft-m300-k2,58.16,76.2,51.42,0.982
dev,ToyCar,ratio-soft-k2,58.74,71.22,50.58,0.7749
dev,ToyCar,zscore-soft-k2,58.34,71.52,50.63,0.7699
dev,ToyCar,conf-hard-m0-k2,49.64,69.98,50.79,0.4523
dev,ToyCar,conf-hard-m10-k2,51.0,69.76,50.79,0.7087
dev,ToyCar,conf-hard-m30-k2,51.98,69.36,50.79,0.8743
dev,ToyCar,conf-hard-m100-k2,54.18,69.28,50.79,0.9531
dev,ToyCar,conf-hard-m300-k2,60.16,68.38,50.79,0.9776
dev,ToyCar,ratio-hard-k2,50.72,69.98,50.79,0.4782
dev,ToyCar,zscore-hard-k2,50.3,69.98,50.79,0.4879
dev,ToyCar,raw-k4,76.74,37.38,52.05,1.0
dev,ToyCar,conf-soft-m0-k4,34.44,82.2,48.63,0.4147
dev,ToyCar,conf-soft-m10-k4,39.52,81.48,49.05,0.7901
dev,ToyCar,conf-soft-m30-k4,44.22,80.44,49.63,0.903
dev,ToyCar,conf-soft-m100-k4,51.52,78.12,51.47,0.9636
dev,ToyCar,conf-soft-m300-k4,58.96,72.32,51.89,0.9826
dev,ToyCar,ratio-soft-k4,59.14,70.7,50.53,0.8275
dev,ToyCar,zscore-soft-k4,59.22,70.78,50.53,0.8202
dev,ToyCar,conf-hard-m0-k4,49.58,67.5,50.68,0.4499
dev,ToyCar,conf-hard-m10-k4,51.26,67.16,50.68,0.7341
dev,ToyCar,conf-hard-m30-k4,52.32,66.68,50.68,0.8788
dev,ToyCar,conf-hard-m100-k4,55.0,66.16,50.68,0.9543
dev,ToyCar,conf-hard-m300-k4,61.38,63.58,50.68,0.9798
dev,ToyCar,ratio-hard-k4,50.64,67.34,50.68,0.4661
dev,ToyCar,zscore-hard-k4,50.76,67.32,50.68,0.4818
dev,ToyCar,ldn-ratio-K1,32.84,83.24,50.84,0.4517
dev,ToyCar,ldn-ratio-K16,38.32,82.62,50.37,0.7398
dev,ToyCar,ldn-diff-K1,47.7,79.36,50.05,0.6154
dev,ToyCar,ldn-diff-K16,45.0,64.7,51.42,0.3782
dev,ToyCar,conf-soft-m0-ldnK1,32.62,83.34,50.74,0.4394
dev,ToyCar,conf-soft-m30-ldnK1,32.7,83.28,50.74,0.4428
dev,ToyTrain,raw-k1,85.04,69.8,53.84,0.9927
dev,ToyTrain,conf-soft-m0-k1,65.04,61.44,52.37,0.6527
dev,ToyTrain,conf-soft-m10-k1,69.44,62.16,52.79,0.8507
dev,ToyTrain,conf-soft-m30-k1,73.18,62.9,52.89,0.9281
dev,ToyTrain,conf-soft-m100-k1,79.04,65.12,53.89,0.9707
dev,ToyTrain,conf-soft-m300-k1,82.82,67.78,54.74,0.9832
dev,ToyTrain,ratio-soft-k1,82.52,71.9,54.95,0.8735
dev,ToyTrain,zscore-soft-k1,81.9,71.78,55.05,0.8566
dev,ToyTrain,conf-hard-m0-k1,76.76,71.34,55.32,0.6887
dev,ToyTrain,conf-hard-m10-k1,77.88,71.22,55.32,0.7909
dev,ToyTrain,conf-hard-m30-k1,79.1,71.0,55.32,0.8828
dev,ToyTrain,conf-hard-m100-k1,81.46,70.82,55.32,0.9584
dev,ToyTrain,conf-hard-m300-k1,83.46,71.1,55.42,0.9782
dev,ToyTrain,ratio-hard-k1,79.74,71.7,55.42,0.738
dev,ToyTrain,zscore-hard-k1,78.24,71.56,55.32,0.698
dev,ToyTrain,raw-k2,84.78,64.96,52.95,0.9885
dev,ToyTrain,conf-soft-m0-k2,65.16,60.06,52.21,0.6739
dev,ToyTrain,conf-soft-m10-k2,69.12,60.6,52.53,0.861
dev,ToyTrain,conf-soft-m30-k2,72.86,61.06,52.89,0.937
dev,ToyTrain,conf-soft-m100-k2,78.92,63.0,53.74,0.9695
dev,ToyTrain,conf-soft-m300-k2,83.04,64.76,54.53,0.9806
dev,ToyTrain,ratio-soft-k2,83.0,71.16,55.05,0.8921
dev,ToyTrain,zscore-soft-k2,82.08,71.26,55.05,0.8758
dev,ToyTrain,conf-hard-m0-k2,76.86,70.76,55.11,0.6885
dev,ToyTrain,conf-hard-m10-k2,78.18,70.54,55.11,0.7909
dev,ToyTrain,conf-hard-m30-k2,79.0,70.14,55.11,0.8877
dev,ToyTrain,conf-hard-m100-k2,81.7,69.64,55.11,0.9552
dev,ToyTrain,conf-hard-m300-k2,83.48,69.06,55.21,0.9758
dev,ToyTrain,ratio-hard-k2,80.9,70.76,55.21,0.7529
dev,ToyTrain,zscore-hard-k2,78.38,70.88,55.11,0.7299
dev,ToyTrain,raw-k4,84.5,60.8,51.21,0.9798
dev,ToyTrain,conf-soft-m0-k4,64.84,58.7,52.0,0.6624
dev,ToyTrain,conf-soft-m10-k4,69.12,59.1,52.47,0.8616
dev,ToyTrain,conf-soft-m30-k4,73.4,59.28,52.63,0.9277
dev,ToyTrain,conf-soft-m100-k4,79.1,61.0,53.58,0.9566
dev,ToyTrain,conf-soft-m300-k4,83.32,62.86,54.74,0.9723
dev,ToyTrain,ratio-soft-k4,83.66,69.74,55.26,0.8729
dev,ToyTrain,zscore-soft-k4,82.54,70.5,55.21,0.8519
dev,ToyTrain,conf-hard-m0-k4,77.1,70.38,55.21,0.6846
dev,ToyTrain,conf-hard-m10-k4,78.34,69.98,55.21,0.7853
dev,ToyTrain,conf-hard-m30-k4,79.7,69.36,55.21,0.8816
dev,ToyTrain,conf-hard-m100-k4,81.86,68.68,55.21,0.9424
dev,ToyTrain,conf-hard-m300-k4,83.8,67.74,55.32,0.9638
dev,ToyTrain,ratio-hard-k4,82.24,70.02,55.32,0.7552
dev,ToyTrain,zscore-hard-k4,78.72,70.28,55.21,0.7394
dev,ToyTrain,ldn-ratio-K1,67.74,64.2,49.95,0.5824
dev,ToyTrain,ldn-ratio-K16,82.44,65.0,53.05,0.8242
dev,ToyTrain,ldn-diff-K1,77.74,70.02,55.37,0.6384
dev,ToyTrain,ldn-diff-K16,74.32,46.36,52.84,0.7505
dev,ToyTrain,conf-soft-m0-ldnK1,67.66,63.78,49.84,0.5796
dev,ToyTrain,conf-soft-m30-ldnK1,67.74,63.96,49.95,0.5824
dev,valve,raw-k1,72.28,76.7,61.53,0.4081
dev,valve,conf-soft-m0-k1,72.86,76.72,61.74,0.3986
dev,valve,conf-soft-m10-k1,72.52,76.52,61.37,0.4014
dev,valve,conf-soft-m30-k1,72.4,76.7,61.37,0.4024
dev,valve,conf-soft-m100-k1,72.34,76.66,61.42,0.4055
dev,valve,conf-soft-m300-k1,72.3,76.62,61.47,0.4073
dev,valve,ratio-soft-k1,72.64,76.04,60.47,0.3933
dev,valve,zscore-soft-k1,72.78,74.98,59.16,0.4028
dev,valve,conf-hard-m0-k1,72.6,76.98,61.53,0.3998
dev,valve,conf-hard-m10-k1,72.46,76.8,61.53,0.4085
dev,valve,conf-hard-m30-k1,72.38,76.7,61.53,0.4081
dev,valve,conf-hard-m100-k1,72.3,76.7,61.53,0.4081
dev,valve,conf-hard-m300-k1,72.28,76.7,61.53,0.4081
dev,valve,ratio-hard-k1,72.6,77.0,61.53,0.3879
dev,valve,zscore-hard-k1,72.68,77.1,61.53,0.4145
dev,valve,raw-k2,71.7,77.26,62.53,0.4283
dev,valve,conf-soft-m0-k2,72.32,76.76,62.32,0.3986
dev,valve,conf-soft-m10-k2,71.86,77.18,62.63,0.4147
dev,valve,conf-soft-m30-k2,71.78,77.3,62.53,0.421
dev,valve,conf-soft-m100-k2,71.68,77.34,62.58,0.4263
dev,valve,conf-soft-m300-k2,71.68,77.32,62.58,0.4269
dev,valve,ratio-soft-k2,72.32,76.24,62.16,0.3974
dev,valve,zscore-soft-k2,72.24,74.38,58.84,0.4006
dev,valve,conf-hard-m0-k2,71.94,77.34,62.53,0.4303
dev,valve,conf-hard-m10-k2,71.8,77.36,62.53,0.4285
dev,valve,conf-hard-m30-k2,71.78,77.36,62.53,0.4285
dev,valve,conf-hard-m100-k2,71.72,77.3,62.53,0.4285
dev,valve,conf-hard-m300-k2,71.7,77.26,62.53,0.4283
dev,valve,ratio-hard-k2,71.96,77.34,62.53,0.4143
dev,valve,zscore-hard-k2,72.1,77.54,62.84,0.4305
dev,valve,raw-k4,70.24,76.12,63.32,0.3986
dev,valve,conf-soft-m0-k4,70.76,75.24,63.42,0.3949
dev,valve,conf-soft-m10-k4,70.58,75.68,63.26,0.3988
dev,valve,conf-soft-m30-k4,70.3,75.96,63.21,0.3984
dev,valve,conf-soft-m100-k4,70.28,76.12,63.26,0.3986
dev,valve,conf-soft-m300-k4,70.22,76.1,63.26,0.3988
dev,valve,ratio-soft-k4,70.76,75.4,63.05,0.3925
dev,valve,zscore-soft-k4,70.78,73.1,60.95,0.3909
dev,valve,conf-hard-m0-k4,70.66,76.3,63.58,0.4046
dev,valve,conf-hard-m10-k4,70.42,76.24,63.32,0.399
dev,valve,conf-hard-m30-k4,70.32,76.18,63.32,0.3986
dev,valve,conf-hard-m100-k4,70.28,76.14,63.32,0.3986
dev,valve,conf-hard-m300-k4,70.26,76.14,63.32,0.3986
dev,valve,ratio-hard-k4,70.42,76.22,63.32,0.4024
dev,valve,zscore-hard-k4,70.68,76.4,63.68,0.4004
dev,valve,ldn-ratio-K1,66.58,63.58,56.79,0.4083
dev,valve,ldn-ratio-K16,68.04,66.82,56.84,0.3962
dev,valve,ldn-diff-K1,66.78,64.5,58.42,0.418
dev,valve,ldn-diff-K16,51.68,54.72,56.05,0.3675
dev,valve,conf-soft-m0-ldnK1,66.6,63.38,56.74,0.4147
dev,valve,conf-soft-m30-ldnK1,66.54,63.46,56.79,0.4141
eval,AutoTrash,raw-k1,79.58,48.74,50.79,0.8024
eval,AutoTrash,conf-soft-m0-k1,72.1,66.22,50.79,0.6248
eval,AutoTrash,conf-soft-m10-k1,75.38,60.3,50.74,0.7487
eval,AutoTrash,conf-soft-m30-k1,77.42,55.62,51.0,0.7802
eval,AutoTrash,conf-soft-m100-k1,78.6,51.76,51.32,0.7949
eval,AutoTrash,conf-soft-m300-k1,79.18,49.6,51.0,0.7996
eval,AutoTrash,ratio-soft-k1,75.34,62.56,50.79,0.6701
eval,AutoTrash,zscore-soft-k1,74.26,62.52,51.16,0.6127
eval,AutoTrash,conf-hard-m0-k1,77.44,62.32,50.95,0.6218
eval,AutoTrash,conf-hard-m10-k1,78.44,59.48,50.95,0.7143
eval,AutoTrash,conf-hard-m30-k1,78.82,56.38,50.95,0.7713
eval,AutoTrash,conf-hard-m100-k1,79.22,52.24,50.95,0.7935
eval,AutoTrash,conf-hard-m300-k1,79.5,50.28,50.89,0.7982
eval,AutoTrash,ratio-hard-k1,77.64,62.46,50.95,0.6259
eval,AutoTrash,zscore-hard-k1,77.48,61.5,50.95,0.6481
eval,AutoTrash,raw-k2,80.02,47.54,50.42,0.7998
eval,AutoTrash,conf-soft-m0-k2,71.9,66.74,50.16,0.6162
eval,AutoTrash,conf-soft-m10-k2,75.48,60.8,50.11,0.7463
eval,AutoTrash,conf-soft-m30-k2,77.72,56.06,50.74,0.7721
eval,AutoTrash,conf-soft-m100-k2,79.16,51.5,50.68,0.7861
eval,AutoTrash,conf-soft-m300-k2,79.68,49.26,50.53,0.7915
eval,AutoTrash,ratio-soft-k2,74.48,63.18,50.05,0.682
eval,AutoTrash,zscore-soft-k2,73.78,61.34,50.84,0.6115
eval,AutoTrash,conf-hard-m0-k2,77.44,62.42,50.89,0.6477
eval,AutoTrash,conf-hard-m10-k2,78.58,59.54,50.89,0.7347
eval,AutoTrash,conf-hard-m30-k2,79.12,56.56,50.89,0.7715
eval,AutoTrash,conf-hard-m100-k2,79.8,52.4,50.74,0.7863
eval,AutoTrash,conf-hard-m300-k2,79.98,49.6,50.58,0.7915
eval,AutoTrash,ratio-hard-k2,77.36,63.02,50.89,0.6321
eval,AutoTrash,zscore-hard-k2,77.3,61.02,50.89,0.6667
eval,AutoTrash,raw-k4,79.86,44.68,50.16,0.8014
eval,AutoTrash,conf-soft-m0-k4,69.9,66.66,50.0,0.6505
eval,AutoTrash,conf-soft-m10-k4,73.94,60.02,50.0,0.7503
eval,AutoTrash,conf-soft-m30-k4,76.62,54.86,50.11,0.7782
eval,AutoTrash,conf-soft-m100-k4,78.62,50.34,50.26,0.7919
eval,AutoTrash,conf-soft-m300-k4,79.46,47.12,50.11,0.7978
eval,AutoTrash,ratio-soft-k4,74.16,60.96,49.89,0.7125
eval,AutoTrash,zscore-soft-k4,72.3,59.1,50.05,0.6206
eval,AutoTrash,conf-hard-m0-k4,76.64,61.8,50.58,0.6461
eval,AutoTrash,conf-hard-m10-k4,77.88,58.82,50.58,0.7402
eval,AutoTrash,conf-hard-m30-k4,78.64,54.9,50.58,0.7743
eval,AutoTrash,conf-hard-m100-k4,79.34,50.56,50.32,0.7907
eval,AutoTrash,conf-hard-m300-k4,79.68,47.62,50.21,0.7974
eval,AutoTrash,ratio-hard-k4,76.88,62.96,50.58,0.6469
eval,AutoTrash,zscore-hard-k4,76.62,59.06,50.58,0.6816
eval,AutoTrash,ldn-ratio-K1,77.32,69.1,56.37,0.496
eval,AutoTrash,ldn-ratio-K16,79.12,69.5,56.74,0.5162
eval,AutoTrash,ldn-diff-K1,77.8,67.1,53.79,0.5246
eval,AutoTrash,ldn-diff-K16,84.02,21.08,48.89,0.6283
eval,AutoTrash,conf-soft-m0-ldnK1,77.06,69.16,56.84,0.4909
eval,AutoTrash,conf-soft-m30-ldnK1,77.28,68.96,56.63,0.4937
eval,BandSealer,raw-k1,70.32,47.28,55.0,0.4897
eval,BandSealer,conf-soft-m0-k1,63.84,56.0,56.53,0.398
eval,BandSealer,conf-soft-m10-k1,67.7,51.9,56.37,0.4529
eval,BandSealer,conf-soft-m30-k1,69.16,49.78,55.84,0.4711
eval,BandSealer,conf-soft-m100-k1,69.82,48.16,55.42,0.482
eval,BandSealer,conf-soft-m300-k1,70.12,47.72,55.37,0.4857
eval,BandSealer,ratio-soft-k1,68.42,49.86,55.26,0.398
eval,BandSealer,zscore-soft-k1,63.88,54.76,55.84,0.4141
eval,BandSealer,conf-hard-m0-k1,60.84,57.68,54.58,0.4319
eval,BandSealer,conf-hard-m10-k1,65.78,53.36,55.11,0.4354
eval,BandSealer,conf-hard-m30-k1,68.38,50.62,55.11,0.462
eval,BandSealer,conf-hard-m100-k1,69.66,48.42,54.74,0.4794
eval,BandSealer,conf-hard-m300-k1,70.04,47.52,54.53,0.4851
eval,BandSealer,ratio-hard-k1,67.42,50.76,54.74,0.4313
eval,BandSealer,zscore-hard-k1,60.06,58.62,54.89,0.4572
eval,BandSealer,raw-k2,74.02,43.26,54.95,0.4844
eval,BandSealer,conf-soft-m0-k2,67.72,51.24,56.47,0.3622
eval,BandSealer,conf-soft-m10-k2,71.3,47.68,56.0,0.438
eval,BandSealer,conf-soft-m30-k2,72.78,45.44,55.63,0.4624
eval,BandSealer,conf-soft-m100-k2,73.48,44.04,55.53,0.48
eval,BandSealer,conf-soft-m300-k2,73.82,43.62,55.32,0.4828
eval,BandSealer,ratio-soft-k2,72.06,46.1,55.37,0.396
eval,BandSealer,zscore-soft-k2,68.42,50.26,55.58,0.397
eval,BandSealer,conf-hard-m0-k2,64.42,53.7,54.53,0.4107
eval,BandSealer,conf-hard-m10-k2,69.56,49.8,54.79,0.4103
eval,BandSealer,conf-hard-m30-k2,72.04,46.4,54.63,0.4481
eval,BandSealer,conf-hard-m100-k2,73.3,44.26,54.32,0.4715
eval,BandSealer,conf-hard-m300-k2,73.62,43.6,54.63,0.4816
eval,BandSealer,ratio-hard-k2,70.62,47.6,54.84,0.3998
eval,BandSealer,zscore-hard-k2,63.84,54.36,54.53,0.4586
eval,BandSealer,raw-k4,75.14,41.32,55.32,0.5891
eval,BandSealer,conf-soft-m0-k4,69.68,49.5,57.21,0.3994
eval,BandSealer,conf-soft-m10-k4,72.78,45.54,56.47,0.5226
eval,BandSealer,conf-soft-m30-k4,74.1,43.66,55.89,0.5582
eval,BandSealer,conf-soft-m100-k4,74.86,42.46,55.63,0.577
eval,BandSealer,conf-soft-m300-k4,75.04,42.14,55.68,0.5857
eval,BandSealer,ratio-soft-k4,72.6,45.36,55.58,0.4319
eval,BandSealer,zscore-soft-k4,71.06,47.9,55.74,0.3939
eval,BandSealer,conf-hard-m0-k4,65.66,52.34,54.95,0.4428
eval,BandSealer,conf-hard-m10-k4,70.9,48.22,55.05,0.4739
eval,BandSealer,conf-hard-m30-k4,73.28,44.86,54.74,0.537
eval,BandSealer,conf-hard-m100-k4,74.58,42.74,54.42,0.5675
eval,BandSealer,conf-hard-m300-k4,74.96,41.88,54.74,0.5816
eval,BandSealer,ratio-hard-k4,70.5,48.56,54.58,0.3861
eval,BandSealer,zscore-hard-k4,66.78,52.52,54.68,0.4846
eval,BandSealer,ldn-ratio-K1,61.62,64.66,59.95,0.399
eval,BandSealer,ldn-ratio-K16,53.4,63.82,56.95,0.3624
eval,BandSealer,ldn-diff-K1,60.83,64.0,57.42,0.4428
eval,BandSealer,ldn-diff-K16,62.76,35.46,49.11,0.4885
eval,BandSealer,conf-soft-m0-ldnK1,63.24,63.26,59.84,0.377
eval,BandSealer,conf-soft-m30-ldnK1,63.22,63.28,59.89,0.3766
eval,CoffeeGrinder,raw-k1,74.62,33.66,50.11,0.7335
eval,CoffeeGrinder,conf-soft-m0-k1,70.42,41.72,52.32,0.4495
eval,CoffeeGrinder,conf-soft-m10-k1,72.7,38.32,51.74,0.582
eval,CoffeeGrinder,conf-soft-m30-k1,73.34,36.4,51.11,0.6663
eval,CoffeeGrinder,conf-soft-m100-k1,73.92,34.56,51.11,0.7051
eval,CoffeeGrinder,conf-soft-m300-k1,74.44,34.04,51.05,0.721
eval,CoffeeGrinder,ratio-soft-k1,69.56,40.94,52.05,0.4515
eval,CoffeeGrinder,zscore-soft-k1,72.16,39.38,50.89,0.4727
eval,CoffeeGrinder,conf-hard-m0-k1,69.9,40.5,50.89,0.5188
eval,CoffeeGrinder,conf-hard-m10-k1,72.32,36.68,50.89,0.5533
eval,CoffeeGrinder,conf-hard-m30-k1,73.4,34.88,50.89,0.6584
eval,CoffeeGrinder,conf-hard-m100-k1,73.88,33.66,50.89,0.7038
eval,CoffeeGrinder,conf-hard-m300-k1,74.4,33.6,50.58,0.7204
eval,CoffeeGrinder,ratio-hard-k1,65.76,42.82,50.89,0.5198
eval,CoffeeGrinder,zscore-hard-k1,71.24,39.38,50.89,0.5473
eval,CoffeeGrinder,raw-k2,73.54,34.58,50.95,0.8261
eval,CoffeeGrinder,conf-soft-m0-k2,65.94,44.1,53.42,0.4489
eval,CoffeeGrinder,conf-soft-m10-k2,69.8,40.4,53.11,0.6547
eval,CoffeeGrinder,conf-soft-m30-k2,71.24,37.52,51.32,0.743
eval,CoffeeGrinder,conf-soft-m100-k2,72.42,36.58,51.05,0.7976
eval,CoffeeGrinder,conf-soft-m300-k2,72.96,35.46,51.21,0.8158
eval,CoffeeGrinder,ratio-soft-k2,70.18,39.7,50.95,0.4315
eval,CoffeeGrinder,zscore-soft-k2,69.56,41.24,50.84,0.456
eval,CoffeeGrinder,conf-hard-m0-k2,62.58,44.38,51.05,0.5184
eval,CoffeeGrinder,conf-hard-m10-k2,69.22,39.3,51.05,0.601
eval,CoffeeGrinder,conf-hard-m30-k2,71.32,36.2,51.05,0.7212
eval,CoffeeGrinder,conf-hard-m100-k2,72.1,34.74,51.0,0.7855
eval,CoffeeGrinder,conf-hard-m300-k2,72.98,34.32,50.74,0.8107
eval,CoffeeGrinder,ratio-hard-k2,66.6,41.7,51.05,0.4683
eval,CoffeeGrinder,zscore-hard-k2,65.38,43.42,51.05,0.5826
eval,CoffeeGrinder,raw-k4,71.92,34.78,51.89,0.9515
eval,CoffeeGrinder,conf-soft-m0-k4,61.06,46.02,50.89,0.4523
eval,CoffeeGrinder,conf-soft-m10-k4,66.64,40.76,51.0,0.7697
eval,CoffeeGrinder,conf-soft-m30-k4,68.66,39.06,51.16,0.8687
eval,CoffeeGrinder,conf-soft-m100-k4,70.7,37.26,50.79,0.9224
eval,CoffeeGrinder,conf-soft-m300-k4,71.44,35.5,50.84,0.938
eval,CoffeeGrinder,ratio-soft-k4,67.1,41.52,51.95,0.5808
eval,CoffeeGrinder,zscore-soft-k4,66.52,44.16,51.0,0.4533
eval,CoffeeGrinder,conf-hard-m0-k4,57.46,47.3,51.05,0.5131
eval,CoffeeGrinder,conf-hard-m10-k4,65.14,40.82,51.05,0.6893
eval,CoffeeGrinder,conf-hard-m30-k4,68.4,36.9,51.05,0.8325
eval,CoffeeGrinder,conf-hard-m100-k4,70.28,35.9,50.74,0.9097
eval,CoffeeGrinder,conf-hard-m300-k4,71.38,35.06,51.11,0.9317
eval,CoffeeGrinder,ratio-hard-k4,56.78,45.94,51.05,0.4582
eval,CoffeeGrinder,zscore-hard-k4,57.72,47.64,51.0,0.5913
eval,CoffeeGrinder,ldn-ratio-K1,77.08,44.54,53.37,0.4986
eval,CoffeeGrinder,ldn-ratio-K16,79.78,43.42,49.89,0.4073
eval,CoffeeGrinder,ldn-diff-K1,78.48,41.38,52.79,0.6214
eval,CoffeeGrinder,ldn-diff-K16,63.18,53.5,53.42,0.3446
eval,CoffeeGrinder,conf-soft-m0-ldnK1,77.3,43.58,53.37,0.4608
eval,CoffeeGrinder,conf-soft-m30-ldnK1,77.3,43.82,53.37,0.4644
eval,HomeCamera,raw-k1,74.32,34.78,51.74,0.6681
eval,HomeCamera,conf-soft-m0-k1,69.02,40.88,51.84,0.462
eval,HomeCamera,conf-soft-m10-k1,71.54,38.24,52.16,0.6016
eval,HomeCamera,conf-soft-m30-k1,72.76,36.88,52.84,0.6364
eval,HomeCamera,conf-soft-m100-k1,73.56,35.82,52.37,0.6552
eval,HomeCamera,conf-soft-m300-k1,74.06,35.22,52.0,0.6624
eval,HomeCamera,ratio-soft-k1,69.74,38.92,52.47,0.5533
eval,HomeCamera,zscore-soft-k1,69.34,39.44,52.74,0.5422
eval,HomeCamera,conf-hard-m0-k1,65.2,47.14,52.89,0.419
eval,HomeCamera,conf-hard-m10-k1,69.9,42.26,52.74,0.524
eval,HomeCamera,conf-hard-m30-k1,72.08,39.34,52.58,0.6079
eval,HomeCamera,conf-hard-m100-k1,73.22,36.76,52.53,0.6483
eval,HomeCamera,conf-hard-m300-k1,73.86,35.6,52.05,0.6572
eval,HomeCamera,ratio-hard-k1,65.88,44.2,52.37,0.4628
eval,HomeCamera,zscore-hard-k1,64.74,46.14,52.63,0.4655
eval,HomeCamera,raw-k2,76.84,31.1,50.68,0.7529
eval,HomeCamera,conf-soft-m0-k2,69.5,38.92,52.0,0.4907
eval,HomeCamera,conf-soft-m10-k2,73.18,36.44,52.05,0.6636
eval,HomeCamera,conf-soft-m30-k2,74.92,34.52,51.68,0.7158
eval,HomeCamera,conf-soft-m100-k2,76.12,32.76,51.32,0.741
eval,HomeCamera,conf-soft-m300-k2,76.48,31.82,50.95,0.7479
eval,HomeCamera,ratio-soft-k2,70.12,37.36,51.84,0.5804
eval,HomeCamera,zscore-soft-k2,70.56,36.98,51.84,0.5719
eval,HomeCamera,conf-hard-m0-k2,63.66,47.4,52.79,0.3976
eval,HomeCamera,conf-hard-m10-k2,70.6,41.66,52.47,0.5636
eval,HomeCamera,conf-hard-m30-k2,73.34,38.32,52.37,0.6699
eval,HomeCamera,conf-hard-m100-k2,75.48,34.48,51.89,0.722
eval,HomeCamera,conf-hard-m300-k2,76.28,32.74,51.47,0.7416
eval,HomeCamera,ratio-hard-k2,62.84,46.56,52.53,0.3859
eval,HomeCamera,zscore-hard-k2,63.88,45.72,52.53,0.4451
eval,HomeCamera,raw-k4,78.62,29.08,50.32,0.7962
eval,HomeCamera,conf-soft-m0-k4,69.66,38.02,51.16,0.5481
eval,HomeCamera,conf-soft-m10-k4,74.42,34.72,51.32,0.7016
eval,HomeCamera,conf-soft-m30-k4,76.48,32.78,51.16,0.7527
eval,HomeCamera,conf-soft-m100-k4,77.64,31.34,51.05,0.78
eval,HomeCamera,conf-soft-m300-k4,78.22,30.28,50.74,0.7873
eval,HomeCamera,ratio-soft-k4,71.08,36.18,51.89,0.6469
eval,HomeCamera,zscore-soft-k4,71.94,35.3,51.58,0.639
eval,HomeCamera,conf-hard-m0-k4,63.3,47.86,53.11,0.3832
eval,HomeCamera,conf-hard-m10-k4,69.96,41.46,52.42,0.6018
eval,HomeCamera,conf-hard-m30-k4,74.3,37.42,52.37,0.701
eval,HomeCamera,conf-hard-m100-k4,76.96,33.38,51.53,0.7598
eval,HomeCamera,conf-hard-m300-k4,77.76,31.48,51.32,0.7804
eval,HomeCamera,ratio-hard-k4,60.96,49.04,52.79,0.344
eval,HomeCamera,zscore-hard-k4,63.22,46.46,52.68,0.4523
eval,HomeCamera,ldn-ratio-K1,63.38,48.06,52.37,0.5319
eval,HomeCamera,ldn-ratio-K16,51.16,55.46,52.74,0.3772
eval,HomeCamera,ldn-diff-K1,62.86,46.72,53.05,0.5723
eval,HomeCamera,ldn-diff-K16,56.56,48.68,51.58,0.6127
eval,HomeCamera,conf-soft-m0-ldnK1,65.64,48.04,52.26,0.5109
eval,HomeCamera,conf-soft-m30-ldnK1,65.44,47.7,52.32,0.5174
eval,Polisher,raw-k1,75.22,40.4,51.74,0.5956
eval,Polisher,conf-soft-m0-k1,69.3,52.94,52.95,0.5291
eval,Polisher,conf-soft-m10-k1,71.74,48.18,53.21,0.5325
eval,Polisher,conf-soft-m30-k1,73.28,44.38,52.32,0.5788
eval,Polisher,conf-soft-m100-k1,74.34,42.0,51.79,0.5895
eval,Polisher,conf-soft-m300-k1,74.98,41.14,51.84,0.5917
eval,Polisher,ratio-soft-k1,70.76,50.54,52.68,0.5513
eval,Polisher,zscore-soft-k1,71.0,49.68,52.05,0.5739
eval,Polisher,conf-hard-m0-k1,69.52,54.92,54.05,0.5081
eval,Polisher,conf-hard-m10-k1,71.96,49.94,54.05,0.5154
eval,Polisher,conf-hard-m30-k1,73.3,46.0,53.89,0.5677
eval,Polisher,conf-hard-m100-k1,74.32,42.6,52.47,0.5871
eval,Polisher,conf-hard-m300-k1,74.86,41.3,52.32,0.5905
eval,Polisher,ratio-hard-k1,69.24,54.68,54.05,0.5491
eval,Polisher,zscore-hard-k1,69.86,53.1,54.05,0.5693
eval,Polisher,raw-k2,74.74,39.5,51.63,0.6998
eval,Polisher,conf-soft-m0-k2,67.82,53.92,52.42,0.5113
eval,Polisher,conf-soft-m10-k2,71.06,48.16,52.21,0.6036
eval,Polisher,conf-soft-m30-k2,72.58,44.24,51.37,0.6527
eval,Polisher,conf-soft-m100-k2,73.74,41.48,51.47,0.6824
eval,Polisher,conf-soft-m300-k2,74.28,40.24,51.26,0.6933
eval,Polisher,ratio-soft-k2,69.68,51.24,52.21,0.5093
eval,Polisher,zscore-soft-k2,70.06,49.62,51.32,0.5477
eval,Polisher,conf-hard-m0-k2,67.72,55.96,53.32,0.4925
eval,Polisher,conf-hard-m10-k2,70.94,50.14,53.32,0.5853
eval,Polisher,conf-hard-m30-k2,72.62,45.82,53.32,0.6388
eval,Polisher,conf-hard-m100-k2,73.74,42.32,52.26,0.6764
eval,Polisher,conf-hard-m300-k2,74.32,40.62,51.84,0.6909
eval,Polisher,ratio-hard-k2,67.12,57.14,53.32,0.5063
eval,Polisher,zscore-hard-k2,68.48,54.56,53.32,0.5376
eval,Polisher,raw-k4,73.36,36.54,50.84,0.7055
eval,Polisher,conf-soft-m0-k4,66.4,52.7,51.68,0.5218
eval,Polisher,conf-soft-m10-k4,69.52,46.28,51.63,0.6337
eval,Polisher,conf-soft-m30-k4,71.24,42.32,51.42,0.6788
eval,Polisher,conf-soft-m100-k4,72.46,38.92,51.47,0.6974
eval,Polisher,conf-soft-m300-k4,72.96,37.7,51.47,0.7024
eval,Polisher,ratio-soft-k4,68.48,49.4,52.16,0.542
eval,Polisher,zscore-soft-k4,69.18,47.64,51.47,0.5527
eval,Polisher,conf-hard-m0-k4,65.94,55.68,52.89,0.4756
eval,Polisher,conf-hard-m10-k4,69.46,49.46,52.89,0.6121
eval,Polisher,conf-hard-m30-k4,71.14,44.32,52.89,0.6608
eval,Polisher,conf-hard-m100-k4,72.46,39.96,51.89,0.6899
eval,Polisher,conf-hard-m300-k4,72.98,38.36,51.74,0.7
eval,Polisher,ratio-hard-k4,65.52,56.74,52.89,0.4733
eval,Polisher,zscore-hard-k4,67.08,52.78,52.89,0.5285
eval,Polisher,ldn-ratio-K1,76.48,52.18,55.26,0.4844
eval,Polisher,ldn-ratio-K16,73.8,57.6,57.32,0.4638
eval,Polisher,ldn-diff-K1,76.4,49.78,52.42,0.5535
eval,Polisher,ldn-diff-K16,56.88,41.1,51.32,0.3251
eval,Polisher,conf-soft-m0-ldnK1,76.86,52.08,55.16,0.4749
eval,Polisher,conf-soft-m30-ldnK1,76.9,52.02,55.26,0.4788
eval,ScrewFeeder,raw-k1,80.08,88.7,72.0,0.5465
eval,ScrewFeeder,conf-soft-m0-k1,81.92,90.74,75.26,0.4349
eval,ScrewFeeder,conf-soft-m10-k1,81.1,89.88,74.26,0.5103
eval,ScrewFeeder,conf-soft-m30-k1,80.72,89.34,72.95,0.5285
eval,ScrewFeeder,conf-soft-m100-k1,80.42,88.96,72.42,0.5386
eval,ScrewFeeder,conf-soft-m300-k1,80.32,88.9,72.42,0.5432
eval,ScrewFeeder,ratio-soft-k1,81.56,90.52,74.11,0.4541
eval,ScrewFeeder,zscore-soft-k1,81.36,90.18,73.89,0.4529
eval,ScrewFeeder,conf-hard-m0-k1,79.8,87.82,70.68,0.4414
eval,ScrewFeeder,conf-hard-m10-k1,80.4,88.58,70.84,0.4727
eval,ScrewFeeder,conf-hard-m30-k1,80.54,88.8,71.63,0.5143
eval,ScrewFeeder,conf-hard-m100-k1,80.26,88.72,71.89,0.5343
eval,ScrewFeeder,conf-hard-m300-k1,80.1,88.74,71.95,0.5408
eval,ScrewFeeder,ratio-hard-k1,80.54,88.32,71.68,0.4436
eval,ScrewFeeder,zscore-hard-k1,80.54,88.56,71.68,0.4905
eval,ScrewFeeder,raw-k2,80.52,89.2,72.42,0.596
eval,ScrewFeeder,conf-soft-m0-k2,82.48,91.32,75.05,0.4509
eval,ScrewFeeder,conf-soft-m10-k2,81.98,90.46,73.84,0.556
eval,ScrewFeeder,conf-soft-m30-k2,81.38,89.9,73.11,0.5778
eval,ScrewFeeder,conf-soft-m100-k2,80.82,89.52,72.47,0.5889
eval,ScrewFeeder,conf-soft-m300-k2,80.62,89.34,72.53,0.5929
eval,ScrewFeeder,ratio-soft-k2,82.12,90.82,73.89,0.5293
eval,ScrewFeeder,zscore-soft-k2,81.9,90.62,73.32,0.4994
eval,ScrewFeeder,conf-hard-m0-k2,80.3,88.54,71.16,0.4457
eval,ScrewFeeder,conf-hard-m10-k2,81.06,89.26,71.58,0.5032
eval,ScrewFeeder,conf-hard-m30-k2,81.1,89.44,72.32,0.5675
eval,ScrewFeeder,conf-hard-m100-k2,80.8,89.38,72.42,0.5853
eval,ScrewFeeder,conf-hard-m300-k2,80.58,89.28,72.32,0.5925
eval,ScrewFeeder,ratio-hard-k2,81.1,89.04,72.16,0.4234
eval,ScrewFeeder,zscore-hard-k2,81.28,89.4,72.42,0.5073
eval,ScrewFeeder,raw-k4,80.94,89.66,72.68,0.6481
eval,ScrewFeeder,conf-soft-m0-k4,82.9,91.36,75.95,0.5012
eval,ScrewFeeder,conf-soft-m10-k4,82.46,90.96,75.16,0.5947
eval,ScrewFeeder,conf-soft-m30-k4,81.72,90.56,74.05,0.623
eval,ScrewFeeder,conf-soft-m100-k4,81.2,90.02,73.16,0.6384
eval,ScrewFeeder,conf-soft-m300-k4,81.1,89.8,72.89,0.6444
eval,ScrewFeeder,ratio-soft-k4,82.46,91.22,74.26,0.5574
eval,ScrewFeeder,zscore-soft-k4,82.16,91.08,74.0,0.5345
eval,ScrewFeeder,conf-hard-m0-k4,80.76,89.34,71.63,0.4543
eval,ScrewFeeder,conf-hard-m10-k4,81.56,89.88,72.32,0.5473
eval,ScrewFeeder,conf-hard-m30-k4,81.52,90.0,72.95,0.6044
eval,ScrewFeeder,conf-hard-m100-k4,81.4,89.96,73.42,0.6261
eval,ScrewFeeder,conf-hard-m300-k4,81.06,89.84,72.89,0.6416
eval,ScrewFeeder,ratio-hard-k4,81.66,89.94,72.63,0.4477
eval,ScrewFeeder,zscore-hard-k4,81.78,90.2,73.05,0.4935
eval,ScrewFeeder,ldn-ratio-K1,83.86,94.78,78.05,0.4527
eval,ScrewFeeder,ldn-ratio-K16,83.06,94.06,78.58,0.4875
eval,ScrewFeeder,ldn-diff-K1,83.72,94.08,77.63,0.4642
eval,ScrewFeeder,ldn-diff-K16,56.64,50.3,51.95,0.3297
eval,ScrewFeeder,conf-soft-m0-ldnK1,83.84,94.78,78.05,0.4513
eval,ScrewFeeder,conf-soft-m30-ldnK1,83.84,94.78,78.05,0.4521
eval,ToyPet,raw-k1,80.04,47.12,56.63,0.9166
eval,ToyPet,conf-soft-m0-k1,68.04,63.14,57.89,0.8018
eval,ToyPet,conf-soft-m10-k1,72.54,58.9,59.0,0.8802
eval,ToyPet,conf-soft-m30-k1,75.88,55.16,58.42,0.8998
eval,ToyPet,conf-soft-m100-k1,77.98,52.02,57.89,0.9111
eval,ToyPet,conf-soft-m300-k1,79.14,50.04,57.32,0.9131
eval,ToyPet,ratio-soft-k1,75.52,56.18,58.95,0.8855
eval,ToyPet,zscore-soft-k1,74.88,56.82,58.84,0.8739
eval,ToyPet,conf-hard-m0-k1,72.66,63.48,57.0,0.8899
eval,ToyPet,conf-hard-m10-k1,74.86,59.38,57.0,0.9099
eval,ToyPet,conf-hard-m30-k1,76.62,56.16,57.0,0.9141
eval,ToyPet,conf-hard-m100-k1,78.28,52.48,57.0,0.9164
eval,ToyPet,conf-hard-m300-k1,79.14,51.12,56.95,0.9166
eval,ToyPet,ratio-hard-k1,72.86,63.32,57.0,0.8992
eval,ToyPet,zscore-hard-k1,72.72,63.92,57.0,0.9141
eval,ToyPet,raw-k2,80.16,46.22,57.0,0.899
eval,ToyPet,conf-soft-m0-k2,68.56,62.2,58.95,0.7879
eval,ToyPet,conf-soft-m10-k2,72.7,58.44,59.16,0.8655
eval,ToyPet,conf-soft-m30-k2,75.74,55.28,59.37,0.882
eval,ToyPet,conf-soft-m100-k2,78.06,51.94,58.42,0.8962
eval,ToyPet,conf-soft-m300-k2,79.14,49.58,58.05,0.8986
eval,ToyPet,ratio-soft-k2,75.96,54.94,59.68,0.864
eval,ToyPet,zscore-soft-k2,75.34,55.4,59.53,0.8487
eval,ToyPet,conf-hard-m0-k2,72.78,63.0,57.53,0.8776
eval,ToyPet,conf-hard-m10-k2,75.12,59.48,57.53,0.8925
eval,ToyPet,conf-hard-m30-k2,76.8,56.6,57.53,0.8962
eval,ToyPet,conf-hard-m100-k2,78.26,52.78,57.53,0.8984
eval,ToyPet,conf-hard-m300-k2,79.36,51.34,57.68,0.899
eval,ToyPet,ratio-hard-k2,73.34,62.78,57.53,0.8909
eval,ToyPet,zscore-hard-k2,73.2,63.48,57.53,0.898
eval,ToyPet,raw-k4,79.32,45.56,57.16,0.8877
eval,ToyPet,conf-soft-m0-k4,68.96,59.96,59.26,0.7794
eval,ToyPet,conf-soft-m10-k4,72.9,56.22,59.26,0.8533
eval,ToyPet,conf-soft-m30-k4,75.32,53.54,59.26,0.8721
eval,ToyPet,conf-soft-m100-k4,77.44,50.82,58.32,0.881
eval,ToyPet,conf-soft-m300-k4,78.4,48.62,57.58,0.8848
eval,ToyPet,ratio-soft-k4,75.3,53.88,58.84,0.8455
eval,ToyPet,zscore-soft-k4,74.72,53.78,58.53,0.8295
eval,ToyPet,conf-hard-m0-k4,71.94,62.02,57.58,0.8683
eval,ToyPet,conf-hard-m10-k4,74.58,58.82,57.58,0.8824
eval,ToyPet,conf-hard-m30-k4,76.16,55.84,57.58,0.8853
eval,ToyPet,conf-hard-m100-k4,77.54,52.4,57.68,0.8875
eval,ToyPet,conf-hard-m300-k4,78.54,50.2,57.84,0.8877
eval,ToyPet,ratio-hard-k4,72.66,61.7,57.58,0.8816
eval,ToyPet,zscore-hard-k4,72.92,62.46,57.58,0.8875
eval,ToyPet,ldn-ratio-K1,69.06,72.86,58.68,0.8703
eval,ToyPet,ldn-ratio-K16,73.84,67.94,61.21,0.9101
eval,ToyPet,ldn-diff-K1,72.74,72.1,59.11,0.9261
eval,ToyPet,ldn-diff-K16,53.48,53.22,50.58,0.4539
eval,ToyPet,conf-soft-m0-ldnK1,68.94,72.66,58.68,0.8661
eval,ToyPet,conf-soft-m30-ldnK1,69.1,72.64,58.68,0.8697
eval,ToyRCCar,raw-k1,63.42,56.64,52.26,0.4529
eval,ToyRCCar,conf-soft-m0-k1,61.04,58.62,52.42,0.3889
eval,ToyRCCar,conf-soft-m10-k1,62.24,57.72,52.37,0.4301
eval,ToyRCCar,conf-soft-m30-k1,62.9,57.12,52.32,0.4426
eval,ToyRCCar,conf-soft-m100-k1,63.18,56.8,52.21,0.4483
eval,ToyRCCar,conf-soft-m300-k1,63.28,56.78,52.21,0.4507
eval,ToyRCCar,ratio-soft-k1,62.02,58.62,52.58,0.364
eval,ToyRCCar,zscore-soft-k1,61.66,60.28,52.11,0.3453
eval,ToyRCCar,conf-hard-m0-k1,62.28,58.34,52.26,0.4442
eval,ToyRCCar,conf-hard-m10-k1,62.86,57.16,52.26,0.4533
eval,ToyRCCar,conf-hard-m30-k1,63.22,57.0,52.26,0.4529
eval,ToyRCCar,conf-hard-m100-k1,63.36,56.72,52.26,0.4529
eval,ToyRCCar,conf-hard-m300-k1,63.42,56.72,52.26,0.4529
eval,ToyRCCar,ratio-hard-k1,62.52,57.9,52.26,0.4444
eval,ToyRCCar,zscore-hard-k1,62.18,58.78,52.26,0.4289
eval,ToyRCCar,raw-k2,64.58,56.54,52.74,0.4646
eval,ToyRCCar,conf-soft-m0-k2,62.54,59.12,52.84,0.3903
eval,ToyRCCar,conf-soft-m10-k2,63.66,57.66,52.74,0.4347
eval,ToyRCCar,conf-soft-m30-k2,64.08,57.16,52.79,0.4503
eval,ToyRCCar,conf-soft-m100-k2,64.48,56.68,52.74,0.4586
eval,ToyRCCar,conf-soft-m300-k2,64.58,56.6,52.74,0.4618
eval,ToyRCCar,ratio-soft-k2,62.62,59.08,52.79,0.3513
eval,ToyRCCar,zscore-soft-k2,62.56,59.88,52.68,0.3515
eval,ToyRCCar,conf-hard-m0-k2,63.14,58.44,52.74,0.4432
eval,ToyRCCar,conf-hard-m10-k2,64.0,57.48,52.74,0.4604
eval,ToyRCCar,conf-hard-m30-k2,64.3,57.14,52.74,0.4632
eval,ToyRCCar,conf-hard-m100-k2,64.52,56.72,52.74,0.4632
eval,ToyRCCar,conf-hard-m300-k2,64.56,56.58,52.74,0.4632
eval,ToyRCCar,ratio-hard-k2,62.98,58.24,52.74,0.4497
eval,ToyRCCar,zscore-hard-k2,62.7,58.74,52.74,0.4261
eval,ToyRCCar,raw-k4,65.48,56.02,53.05,0.463
eval,ToyRCCar,conf-soft-m0-k4,63.7,59.04,53.37,0.3848
eval,ToyRCCar,conf-soft-m10-k4,64.84,57.48,53.16,0.4335
eval,ToyRCCar,conf-soft-m30-k4,65.28,56.92,53.11,0.4527
eval,ToyRCCar,conf-soft-m100-k4,65.42,56.34,53.16,0.4592
eval,ToyRCCar,conf-soft-m300-k4,65.46,56.2,53.0,0.4612
eval,ToyRCCar,ratio-soft-k4,64.08,58.96,53.11,0.3451
eval,ToyRCCar,zscore-soft-k4,63.38,59.42,53.11,0.3483
eval,ToyRCCar,conf-hard-m0-k4,64.02,57.9,53.05,0.4406
eval,ToyRCCar,conf-hard-m10-k4,64.72,57.16,53.05,0.4503
eval,ToyRCCar,conf-hard-m30-k4,65.12,56.78,53.05,0.4566
eval,ToyRCCar,conf-hard-m100-k4,65.42,56.32,53.05,0.4626
eval,ToyRCCar,conf-hard-m300-k4,65.46,56.2,53.05,0.4626
eval,ToyRCCar,ratio-hard-k4,63.72,57.72,53.05,0.4444
eval,ToyRCCar,zscore-hard-k4,63.48,58.14,53.05,0.4287
eval,ToyRCCar,ldn-ratio-K1,58.58,44.44,51.58,0.3345
eval,ToyRCCar,ldn-ratio-K16,53.36,54.66,52.53,0.3774
eval,ToyRCCar,ldn-diff-K1,58.66,45.04,52.32,0.3388
eval,ToyRCCar,ldn-diff-K16,52.76,65.76,54.42,0.6016
eval,ToyRCCar,conf-soft-m0-ldnK1,58.82,44.18,51.63,0.3523
eval,ToyRCCar,conf-soft-m30-ldnK1,58.88,44.02,51.63,0.3497
